DateID,LabID,OthLabID,Problems,CRA,Error,DC13,Material,Species,SiteID,SiteName,SiteContext,SiteType,Country,Longitude,Latitude,LocQual,Source,Comments
251,AA-38421,,,4602,45,NA,charcoal,"Procavia, pellet",15704,"Hyrax midden 2000-23a, 2",,settlement,YE,50.4,15.6,B,CalPal; McCorriston and Weisberg 2002,
256,AA-38547,,,5616,84,NA,charcoal,,15705,Khuzma as-Shumlya,,rock shelter,YE,50.41,15.59,B,CalPal;McCorriston and Weisberg 2002,
425,AA-66861,,,5514,48,NA,charcoal,,303460,"SU 151-1, Kheshiya Wadi Sana",platformed structure,settlement,YE,49.6,15.8,E,McCorriston et al. 2011,
607,AA-81816,,,5603,67,NA,charcoal,,303462,"C67-2, Wadi Sana",hearth,settlement,YE,49.53,15.87,E,McCorriston et al. 2011,
628,AA-83493,,,3912,39,NA,bone,Homo sapiens,303459,"C15-3, Wadi Atuf/Wadi Idm",tomb,settlement,YE,49.3,15.7,E,McCorriston et al. 2011,
629,AA-83494,,,4288,47,NA,bone,Homo sapiens,303465,"C15-2, Wadi Atuf/Wadi Idm",tomb,settlement,YE,49.38,15.68,E,McCorriston et al. 2011,
630,AA-83497,,,3686,41,NA,bone,Homo sapiens,303464,"C17-2, Wadi Atuf/Wadi Idm",tomb,settlement,YE,49.35,15.65,E,McCorriston et al. 2011,
631,AA-83498,,,2776,54,NA,bone,Homo sapiens,303459,"C15-3, Wadi Atuf/Wadi Idm",tomb,settlement,YE,49.3,15.7,E,McCorriston et al. 2011,
632,AA-83499,,,3663,41,NA,bone,animal,303458,"C51-1, Wadi Sissib",tumulus,settlement,YE,48.8,15.4,E,McCorriston et al. 2011,
889,ANU-2813,,DuplicateLabID,4715,160,NA,,,16368,Khor Milkh 1,,settlement,OM,58.9,23.25,B,CalPal,"Two dates from this site, seemingly different but with same lab code."
890,ANU-2813,,DuplicateLabID,5130,90,NA,,,16368,Khor Milkh 1,,settlement,OM,58.9,23.25,B,CalPal,"Two dates from this site, seemingly different but with same lab code."
1270,Beta-228619,,,3840,40,NA,charcoal,,303365,Tell Abraq,,settlement,AE,55.55,25.483333,A,Magee et al. 2017,
1271,Beta-228620,,,3610,40,NA,charcoal,,303365,Tell Abraq,,settlement,AE,55.55,25.483333,A,Magee et al. 2017,
1331,Beta-278911,,,4360,40,NA,charcoal,,303283,Bat (Wadi Sharsah),,irrigation channel,OM,56.744863,23.25879,A,Desruelles et al. 2016,
1332,Beta-278912,,,4370,40,NA,charcoal,,303283,Bat (Wadi Sharsah),,irrigation channel,OM,56.744863,23.25879,A,Desruelles et al. 2016,
1333,Beta-278913,,,4860,40,NA,charcoal,,303283,Bat (Wadi Sharsah),,irrigation channel,OM,56.744863,23.25879,A,Desruelles et al. 2016,
1378,Beta-291688,,,4290,40,NA,charcoal,,303283,Bat (Wadi Sharsah),,irrigation channel,OM,56.744863,23.25879,A,Desruelles et al. 2016,
1379,Beta-301240,,,2930,40,NA,charcoal,,303365,Tell Abraq,,settlement,AE,55.55,25.483333,A,Magee et al. 2017,
1380,Beta-301241,,,3000,30,NA,charcoal,,303365,Tell Abraq,,settlement,AE,55.55,25.483333,A,Magee et al. 2017,
1381,Beta-301242,,,2960,30,NA,charcoal,,303365,Tell Abraq,,settlement,AE,55.55,25.483333,A,Magee et al. 2017,
1382,Beta-301243,,,2930,30,NA,seed (charred),Phoenix dactylifera,303365,Tell Abraq,,settlement,AE,55.55,25.483333,A,Magee et al. 2017,
1383,Beta-301244,,,2990,30,NA,charcoal,,303365,Tell Abraq,,settlement,AE,55.55,25.483333,A,Magee et al. 2017,
1385,Beta-301246,,,2940,30,NA,charcoal,,303365,Tell Abraq,,settlement,AE,55.55,25.483333,A,Magee et al. 2017,
1407,Beta-324905,,,3380,30,NA,charcoal,,303317,Saruq Al-Hadid,,settlement,AE,55.239796,24.665623,A,Weeks et al. 2019,
1408,Beta-324911,,,3040,30,NA,charcoal,,303317,Saruq Al-Hadid,,settlement,AE,55.239796,24.665623,A,Weeks et al. 2019,
1409,Beta-324914,,,2850,30,NA,charcoal,,303317,Saruq Al-Hadid,,settlement,AE,55.239796,24.665623,A,Weeks et al. 2019,
1410,Beta-324916,,,2850,30,NA,charcoal,,303317,Saruq Al-Hadid,,settlement,AE,55.239796,24.665623,A,Weeks et al. 2019,
1411,Beta-324917,,,2800,30,NA,charcoal,,303317,Saruq Al-Hadid,,settlement,AE,55.239796,24.665623,A,Weeks et al. 2019,
1412,Beta-324918,,,2750,30,NA,charcoal,,303317,Saruq Al-Hadid,,settlement,AE,55.239796,24.665623,A,Weeks et al. 2019,
1415,Beta-334296,,,3100,30,NA,seed (charred),Phoenix dactylifera,303365,Tell Abraq,,settlement,AE,55.55,25.483333,A,Magee et al. 2017,
1416,Beta-334297,,,3630,30,NA,charcoal,,303365,Tell Abraq,,settlement,AE,55.55,25.483333,A,Magee et al. 2017,
1417,Beta-334298,,,4330,30,NA,charcoal,,303365,Tell Abraq,,settlement,AE,55.55,25.483333,A,Magee et al. 2017,
1418,Beta-334300,,,3040,30,NA,charcoal,,303365,Tell Abraq,,settlement,AE,55.55,25.483333,A,Magee et al. 2017,
1445,Beta-347968,,,4620,30,NA,charcoal,,303283,Bat (Wadi Sharsah),,irrigation channel,OM,56.744863,23.25879,A,Desruelles et al. 2016,
1503,Beta-383159,,,3420,30,NA,charcoal,,303365,Tell Abraq,,settlement,AE,55.55,25.483333,A,Magee et al. 2017,
1512,Beta-402747,,,3040,30,NA,charcoal,,303365,Tell Abraq,,settlement,AE,55.55,25.483333,A,Magee et al. 2017,
1513,Beta-402748,,,2980,30,NA,charcoal,,303365,Tell Abraq,,settlement,AE,55.55,25.483333,A,Magee et al. 2017,
1514,Beta-402749,,,3070,30,NA,charcoal,,303365,Tell Abraq,,settlement,AE,55.55,25.483333,A,Magee et al. 2017,
1515,Beta-402750,,,2910,30,NA,charcoal,,303365,Tell Abraq,,settlement,AE,55.55,25.483333,A,Magee et al. 2017,
1516,Beta-402751,,,2930,30,NA,charcoal,,303365,Tell Abraq,,settlement,AE,55.55,25.483333,A,Magee et al. 2017,
1517,Beta-402752,,,2950,30,NA,charcoal,,303365,Tell Abraq,,settlement,AE,55.55,25.483333,A,Magee et al. 2017,
1533,Beta-409911,,,2930,30,NA,seed (charred),Phoenix dactylifera,303365,Tell Abraq,,settlement,AE,55.55,25.483333,A,Magee et al. 2017,
1534,Beta-409912,,,2860,30,NA,seed (charred),,303365,Tell Abraq,,settlement,AE,55.55,25.483333,A,Magee et al. 2017,
1540,Beta-413923,,,3210,30,NA,charcoal,,303317,Saruq Al-Hadid,,settlement,AE,55.239796,24.665623,A,Weeks et al. 2019,
1543,Beta-413926,,,3330,30,NA,charcoal,,303317,Saruq Al-Hadid,,settlement,AE,55.239796,24.665623,A,Weeks et al. 2019,
1544,Beta-413927,,,3440,30,NA,charcoal,,303317,Saruq Al-Hadid,,settlement,AE,55.239796,24.665623,A,Weeks et al. 2019,
1559,Beta-430296,,,3230,30,NA,seed (charred),Phoenix dactylifera,303365,Tell Abraq,,settlement,AE,55.55,25.483333,A,Magee et al. 2017,
1560,Beta-430299,,,3280,30,NA,bone (charred),,303365,Tell Abraq,,settlement,AE,55.55,25.483333,A,Magee et al. 2017,
1570,Beta-435679,,,2900,30,NA,charcoal,,303317,Saruq Al-Hadid,,settlement,AE,55.239796,24.665623,A,Weeks et al. 2019,
1571,Beta-435680,,,3350,30,NA,charcoal,,303317,Saruq Al-Hadid,,settlement,AE,55.239796,24.665623,A,Weeks et al. 2019,
1572,Beta-435681,,,3330,30,NA,charcoal,,303317,Saruq Al-Hadid,,settlement,AE,55.239796,24.665623,A,Weeks et al. 2019,
1573,Beta-435682,,,3310,30,NA,charcoal,,303317,Saruq Al-Hadid,,settlement,AE,55.239796,24.665623,A,Weeks et al. 2019,
1574,Beta-435683,,,3610,30,NA,charcoal,,303317,Saruq Al-Hadid,,settlement,AE,55.239796,24.665623,A,Weeks et al. 2019,
1576,Beta-436095,,,2870,30,NA,seed (charred),,303365,Tell Abraq,,settlement,AE,55.55,25.483333,A,Magee et al. 2017,
1577,Beta-436096,,,2830,30,NA,seed (charred),,303365,Tell Abraq,,settlement,AE,55.55,25.483333,A,Magee et al. 2017,
1580,Beta-447590,,,2750,30,NA,wood,,303317,Saruq Al-Hadid,,settlement,AE,55.239796,24.665623,A,Weeks et al. 2019,
1593,Beta-462757,,,3420,30,NA,charcoal,,303317,Saruq Al-Hadid,,settlement,AE,55.239796,24.665623,A,Weeks et al. 2019,
1594,Beta-462758,,,3360,30,NA,charcoal,,303317,Saruq Al-Hadid,,settlement,AE,55.239796,24.665623,A,Weeks et al. 2019,
1595,Beta-462759,,,3490,30,NA,charcoal,,303317,Saruq Al-Hadid,,settlement,AE,55.239796,24.665623,A,Weeks et al. 2019,
1596,Beta-462760,,,3390,30,NA,charcoal,,303317,Saruq Al-Hadid,,settlement,AE,55.239796,24.665623,A,Weeks et al. 2019,
1597,Beta-462761,,,3550,30,NA,charcoal,,303317,Saruq Al-Hadid,,settlement,AE,55.239796,24.665623,A,Weeks et al. 2019,
1598,Beta-462762,,,3260,30,NA,charcoal,,303317,Saruq Al-Hadid,,settlement,AE,55.239796,24.665623,A,Weeks et al. 2019,
1599,Beta-462763,,,3450,30,NA,charcoal,,303317,Saruq Al-Hadid,,settlement,AE,55.239796,24.665623,A,Weeks et al. 2019,
1600,Beta-462764,,,3500,30,NA,charcoal,,303317,Saruq Al-Hadid,,settlement,AE,55.239796,24.665623,A,Weeks et al. 2019,
1689,Beta-7823,,,5270,90,NA,,,15758,al-Faraah,,,YE,45.321,15.471,D,Toplyn 1985; CalPal;  Edens and Wilkinson 1998,
1915,Bln-2735,,,5010,80,NA,charcoal,,15776,Ra's al-Hamra 5,,settlement,OM,58.481545,23.628406,A,CalPal; Biagi et al. 1984,
1916,Bln-2736,,,4650,50,NA,charcoal,,15776,Ra's al-Hamra 5,,settlement,OM,58.481545,23.628406,A,CalPal; Biagi 1994,
1917,Bln-2737,,,4740,60,NA,charcoal,,15776,Ra's al-Hamra 5,,settlement,OM,58.481545,23.628406,A,CalPal; Biagi 1994,
1918,Bln-2738,,,4860,60,NA,charcoal,,15776,Ra's al-Hamra 5,,settlement,OM,58.481545,23.628406,A,CalPal; Biagi 1994,
1919,Bln-2739,,,3550,60,NA,charcoal,,15777,Ra's al-Hamra 10,,settlement,OM,58.481056,23.629182,A,Biagi et al. 1984; CalPal; Hinz et al. 2012: http://radon-b.ufg.uni-kiel.de/samples/7178,
1923,Bln-3140,,,4760,100,NA,charcoal,Avicennia marina,15777,Ra's al-Hamra 10,,settlement,OM,58.481056,23.629182,A,CalPal; Biagi 1994,
1924,Bln-3141,,,5030,60,NA,charcoal,Avicennia marina,15776,Ra's al-Hamra 5,,settlement,OM,58.481545,23.628406,A,CalPal; Biagi 1994; Biagi and Nisbet 1989,
1925,Bln-3143,,,4880,60,NA,charcoal,Avicennia marina,15776,Ra's al-Hamra 5,,settlement,OM,58.481545,23.628406,A,CalPal; Biagi 1994; Biagi and Nisbet 1989,
1926,Bln-3144,,,4900,50,NA,charcoal,Avicennia marina,15776,Ra's al-Hamra 5,,settlement,OM,58.481545,23.628406,A,CalPal; Biagi 1994; Biagi and Nisbet 1989,
1927,Bln-3145,,,4750,60,NA,charcoal,Avicennia marina,15776,Ra's al-Hamra 5,,settlement,OM,58.481545,23.628406,A,CalPal; Biagi 1994; Biagi and Nisbet 1989,
1928,Bln-3146,,,4800,60,NA,charcoal,Avicennia marina,15776,Ra's al-Hamra 5,,settlement,OM,58.481545,23.628406,A,CalPal; Biagi 1994; Biagi and Nisbet 1989,
1929,Bln-3147,,,4920,60,NA,charcoal,Avicennia marina,15776,Ra's al-Hamra 5,,settlement,OM,58.481545,23.628406,A,CalPal; Biagi 1994,
1930,Bln-3148,,,4990,50,NA,charcoal,Avicennia marina,15776,Ra's al-Hamra 5,,settlement,OM,58.481545,23.628406,A,CalPal; Biagi 1994,
1931,Bln-3149,,,5480,60,NA,charcoal,Avicennia marina,15776,Ra's al-Hamra 5,,settlement,OM,58.481545,23.628406,A,CalPal; Biagi 1994; Biagi and Nisbet 1989,
1932,Bln-3150,,,4750,60,NA,charcoal,Avicennia,15776,Ra's al-Hamra 5,,settlement,OM,58.481545,23.628406,A,CalPal; Biagi 1994,
1933,Bln-3150A,,,4850,60,NA,charcoal,,15776,Ra's al-Hamra 5,,settlement,OM,58.481545,23.628406,A,CalPal; Biagi 1994,
1934,Bln-3151,,,4760,60,NA,charcoal,,15776,Ra's al-Hamra 5,,settlement,OM,58.481545,23.628406,A,CalPal; Biagi 1994,
1935,Bln-3152,,,4900,60,NA,charcoal,,15776,Ra's al-Hamra 5,,settlement,OM,58.481545,23.628406,A,CalPal; Biagi 1994,
1936,Bln-3153,,,4730,60,NA,charcoal,Avicennia marina,15776,Ra's al-Hamra 5,,settlement,OM,58.481545,23.628406,A,CalPal; Biagi 1994,
1937,Bln-3153A,,,4770,60,NA,charcoal,Avicennia marina,15776,Ra's al-Hamra 5,,settlement,OM,58.481545,23.628406,A,CalPal; Biagi 1994,
1938,Bln-3154,,,4870,60,NA,charcoal,Avicennia marina,15776,Ra's al-Hamra 5,,settlement,OM,58.481545,23.628406,A,CalPal; Biagi 1994,
1939,Bln-3155,,,4910,50,NA,charcoal,Avicennia marina,15776,Ra's al-Hamra 5,,settlement,OM,58.481545,23.628406,A,CalPal; Biagi 1994,
1940,Bln-3156,,,4920,60,NA,charcoal,,15776,Ra's al-Hamra 5,,settlement,OM,58.481545,23.628406,A,CalPal; Biagi 1994,
1941,Bln-3157,,,4840,60,NA,charcoal,,15776,Ra's al-Hamra 5,,settlement,OM,58.481545,23.628406,A,CalPal; Biagi 1994,
1942,Bln-3168,,,4840,60,NA,charcoal,Avicennia marina,15776,Ra's al-Hamra 5,,settlement,OM,58.481545,23.628406,A,CalPal; Biagi 1994; Biagi and Nisbet 1989,
1943,Bln-3393/I,,,5190,60,NA,,,15776,Ra's al-Hamra 5,,settlement,OM,58.481545,23.628406,A,CalPal,
1944,Bln-3393/II,,,5200,50,NA,,,15776,Ra's al-Hamra 5,,settlement,OM,58.481545,23.628406,A,CalPal,
1945,Bln-3394/I,,,5090,60,1.6,,,15776,Ra's al-Hamra 5,,settlement,OM,58.481545,23.628406,A,CalPal,
1946,Bln-3394/II,,,5200,50,NA,,,15776,Ra's al-Hamra 5,,settlement,OM,58.481545,23.628406,A,CalPal,
1948,Bln-3398,,,5070,50,NA,charcoal,Avicennia marina,15776,Ra's al-Hamra 5,,settlement,OM,58.481545,23.628406,A,CalPal; Biagi 1994,
1949,Bln-3399,,,5130,60,NA,charcoal,Avicennia marina,15776,Ra's al-Hamra 5,,settlement,OM,58.481545,23.628406,A,CalPal; Biagi 1994,
1950,Bln-3400,,,5090,60,NA,charcoal,Avicennia marina,15776,Ra's al-Hamra 5,,settlement,OM,58.481545,23.628406,A,CalPal; Biagi 1994,
1951,Bln-3401,,,4940,60,NA,charcoal,Avicennia marina,15776,Ra's al-Hamra 5,,settlement,OM,58.481545,23.628406,A,CalPal; Biagi 1994,
1952,Bln-3402,,,4900,60,NA,charcoal,Avicennia marina,15776,Ra's al-Hamra 5,,settlement,OM,58.481545,23.628406,A,CalPal; Biagi 1994,
1953,Bln-3403,,,4820,60,NA,charcoal,Avicennia marina,15776,Ra's al-Hamra 5,,settlement,OM,58.481545,23.628406,A,CalPal; Biagi 1994,
1954,Bln-3404,,,4990,50,NA,charcoal,Avicennia marina,15776,Ra's al-Hamra 5,,settlement,OM,58.481545,23.628406,A,CalPal; Biagi 1994,
1955,Bln-3405,,,5110,60,NA,charcoal,Avicennia marina,15776,Ra's al-Hamra 5,,settlement,OM,58.481545,23.628406,A,CalPal; Biagi 1994,
1956,Bln-3406,,,5050,50,NA,charcoal,Avicennia marina,15776,Ra's al-Hamra 5,,settlement,OM,58.481545,23.628406,A,CalPal; Biagi 1994,
1957,Bln-3407,,,4860,50,NA,charcoal,Avicennia marina,15776,Ra's al-Hamra 5,,settlement,OM,58.481545,23.628406,A,CalPal; Biagi 1994,
2005,Bln-4630,,,2820,60,NA,charcoal,,303354,Sabir,Pit 1,settlement,YE,44.901425,13.03809,C,GÃ¶rsdorf and Vogt 2001a,
2006,Bln-4631,,,2845,40,NA,charcoal,,303354,Sabir,"mud brickwall, in front of Loc. 4",settlement,YE,44.901425,13.03809,C,GÃ¶rsdorf and Vogt 2001a,
2007,Bln-4632,,,2910,40,NA,charcoal,,303354,Sabir,upper ash-layer in Loc. 6,settlement,YE,44.901425,13.03809,C,GÃ¶rsdorf and Vogt 2001a,
2008,Bln-4633,,,3030,50,NA,charcoal,,303354,Sabir,Ash-layer in Loc. 6,settlement,YE,44.901425,13.03809,C,GÃ¶rsdorf and Vogt 2001a,
2013,Bln-4727,,,2775,45,NA,charcoal,,303354,Sabir,"building 2, kitchen area, fireplace with pot V1 in room 1, on the uppermost floor, Loc. 3",settlement,YE,44.901425,13.03809,C,GÃ¶rsdorf and Vogt 2001a,
2014,Bln-4728,,,2885,35,NA,charcoal,,303354,Sabir,"building 2, kitchen area, NE-corner of the room 1, layer above uppermost floor",settlement,YE,44.901425,13.03809,C,GÃ¶rsdorf and Vogt 2001a,
2015,Bln-4729,,,2775,40,NA,charcoal,,303354,Sabir,"building 2, kitchen area, fireplace in passage between rooms 1 and 2, layer above uppermost floor",settlement,YE,44.901425,13.03809,C,GÃ¶rsdorf and Vogt 2001a,
2016,Bln-4730,,,2840,40,NA,charcoal,,303354,Sabir,"building 1, courtyard, layer above uppermost floor",settlement,YE,44.901425,13.03809,C,GÃ¶rsdorf and Vogt 2001a,
2033,Bln-4883,,,2765,40,NA,charcoal,,303354,Sabir,Locus 3,settlement,YE,44.901425,13.03809,C,GÃ¶rsdorf and Vogt 2001a,
2035,Bln-4885,,,2835,40,NA,charcoal,,303354,Sabir,Locus 22,settlement,YE,44.901425,13.03809,C,GÃ¶rsdorf and Vogt 2001a,
2036,Bln-4886,,,2840,30,NA,charcoal,,303354,Sabir,Locus 33,settlement,YE,44.901425,13.03809,C,GÃ¶rsdorf and Vogt 2001a,
2037,Bln-4887,,,2875,35,NA,charcoal,,303354,Sabir,Locus 42,settlement,YE,44.901425,13.03809,C,GÃ¶rsdorf and Vogt 2001a,
2038,Bln-4888,,,2965,35,NA,charcoal,,303354,Sabir,"building 2, courtyard , layer above lowest settlement horizon, earliest settlement of 5A, Loc. 52",settlement,YE,44.901425,13.03809,C,GÃ¶rsdorf and Vogt 2001a,
2039,Bln-4889,,,2785,40,NA,charcoal,,303354,Sabir,"building 3, uppermost layer, destruction of building 3",settlement,YE,44.901425,13.03809,C,GÃ¶rsdorf and Vogt 2001a,
2040,Bln-4890,,,2815,40,NA,charcoal,,303354,Sabir,"building 3, room 3, Loc. 5/Loc. 14",settlement,YE,44.901425,13.03809,C,GÃ¶rsdorf and Vogt 2001a,
2041,Bln-4891,,,2760,35,NA,charcoal,,303354,Sabir,"building 3, Loc. 4, vessel contents of V41",settlement,YE,44.901425,13.03809,C,GÃ¶rsdorf and Vogt 2001a,
2042,Bln-4892,,,2840,35,NA,charcoal,,303354,Sabir,Locus 4,settlement,YE,44.901425,13.03809,C,GÃ¶rsdorf and Vogt 2001a,
2043,Bln-4893,,,2835,30,NA,charcoal,,303354,Sabir,Locus 6,settlement,YE,44.901425,13.03809,C,GÃ¶rsdorf and Vogt 2001a,
2044,Bln-4894,,,2965,35,NA,charcoal,,303354,Sabir,"Loc. 9A, beginning of the pottery sequence under the building, ca. 1m under the surface",settlement,YE,44.901425,13.03809,C,GÃ¶rsdorf and Vogt 2001a,
2045,Bln-4895,,,2885,40,NA,charcoal,,303354,Sabir,Locus 9B,settlement,YE,44.901425,13.03809,C,GÃ¶rsdorf and Vogt 2001a,
2046,Bln-4896,,,2975,40,NA,charcoal,,303354,Sabir,Locus 9C,settlement,YE,44.901425,13.03809,C,GÃ¶rsdorf and Vogt 2001a,
2069,Bln-5093,,,2905,35,NA,charcoal,,303354,Sabir,"east of room 5, Loc. 53",settlement,YE,44.901425,13.03809,C,GÃ¶rsdorf and Vogt 2001a,
2075,Bln-5148,,,3010,35,NA,charcoal,,303353,Ma'layba,"Maâ€™layba II; ML97/1, trench extension,",settlement,YE,45.14112,13.020414,C,GÃ¶rsdorf and Vogt 2001a,
2076,Bln-5149,,,3305,35,NA,charcoal,,303353,Ma'layba,"trench extension, area D, Loc. 14; H. 48.62",settlement,YE,45.14112,13.020414,C,GÃ¶rsdorf and Vogt 2001a,
2077,Bln-5150,,,3005,30,NA,charcoal,,303353,Ma'layba,"area H, Loc. 9; H. 48.90",settlement,YE,45.14112,13.020414,C,GÃ¶rsdorf and Vogt 2001a,
2078,Bln-5151,,,3290,35,NA,charcoal,,303353,Ma'layba,area I-J; Loc. 20; H. 48.25,settlement,YE,45.14112,13.020414,C,GÃ¶rsdorf and Vogt 2001a,
2079,Bln-5152,,,3330,35,NA,charcoal,,303353,Ma'layba,"trench extension, area F; Loc. 22; H. 47.98",settlement,YE,45.14112,13.020414,C,GÃ¶rsdorf and Vogt 2001a,
2080,Bln-5153,,,3245,30,NA,charcoal,,303353,Ma'layba,area H; Loc. 56; H. 47.52,settlement,YE,45.14112,13.020414,C,GÃ¶rsdorf and Vogt 2001a,
2081,Bln-5154,,,3405,35,NA,charcoal,,303353,Ma'layba,"trench extension, area D, Loc. 24; H. 47.67 / 47.47, burnt wooden post",settlement,YE,45.14112,13.020414,C,GÃ¶rsdorf and Vogt 2001a,
2082,Bln-5155,,,3455,40,NA,charcoal,,303353,Ma'layba,"trench extension, area B; Loc. 31; H. 47.16 / 46.96, standing burnt wooden post",settlement,YE,45.14112,13.020414,C,GÃ¶rsdorf and Vogt 2001a,
2083,Bln-5156,,,3550,35,NA,charcoal,,303353,Ma'layba,"area B, Loc. 49; H. 46.73 / 46.47; fireplace",settlement,YE,45.14112,13.020414,C,GÃ¶rsdorf and Vogt 2001a,
2852,Gif-6769,,,5330,70,NA,,,15900,Khushum Rumayyid,,settlement,YE,47.04,15.39,B,CalPal; Inizan and Ortlieb 1987,
3822,GX-24614,,,4590,90,NA,charcoal,"Procavia, pellet",15947,Hyrax midden 2000-1,,settlement,YE,50.4,15.59,B,CalPal,
3826,GX-2819,,,5365,255,NA,charcoal,,15915,Abu Khamis,sondage IV,settlement,SA,49.22,27.5,B,Masry 1974; CalPal,
3827,GX-2822,,,4510,190,NA,,,15949,Qannas,,settlement,SA,49.75,25.36,B,Masry 1974; CalPal,
4328,Hv-12966,,,3525,65,NA,charcoal,,15978,Wadi Wutayya,,settlement,OM,58.52,23.56,B,CalPal,
4329,Hv-13197,,,4560,90,NA,charcoal,,15777,Ra's al-Hamra 10,,settlement,OM,58.481056,23.629182,A,BÃ¶hner and Schyle 2006; CalPal; Hinz et al. 2012: http://radon-b.ufg.uni-kiel.de/samples/7180,
4330,Hv-13198,,,4835,70,NA,charcoal,Avicennia marina,15776,Ra's al-Hamra 5,,settlement,OM,58.481545,23.628406,A,CalPal,
5415,Lyon-4268,,,4090,30,NA,charcoal,,8180,"Wadi Masilah Hdor 1213, Hadramawt",,open air site,YE,49.13,15.14,E,BANADORA,
5417,Lyon-4270,,,4630,30,NA,charcoal,,9562,"Wadi Erda, Hadramawt",,open air site,YE,48.04,14.7,E,BANADORA,
5418,Lyon-4944,,,5335,35,NA,charcoal,,9562,"Wadi Erda, Hadramawt",,open air site,YE,48.04,14.7,E,BANADORA,
5419,Lyon-4946,,,5445,40,NA,charcoal,,8180,"Wadi Masilah Hdor 1213, Hadramawt",,open air site,YE,49.13,15.14,E,BANADORA,
5420,Lyon-4947,,,4115,30,NA,charcoal,,8008,"Wadi Dbl, Hadramawt",,settlement,YE,49.1,15.1,E,BANADORA,
5564,MNHN-19021,,,5125,45,NA,bone,Homo sapiens,303490,IDIHA-F-0000132,,grave,SA,37.57,26.94,C,Thomas et al. 2021,
5777,OS-16958,,,4610,45,NA,charcoal,,16147,Wadi Sana cave I,,cave,YE,50.36,15.61,B,CalPal,
5778,OS-18691,,,4800,60,NA,charcoal,Acacia,16148,Wadi Sana cave II,,cave,YE,50.361,15.612,B,CalPal,
5997,OxA-14021,,,4765,33,-23.888,plant remains,palm-leaf stalk,11011,Al-Saada,,,YE,43.7667,16.95,B,Drewes et al. 2013,
6033,OxA-15457,,,2826,29,-24.369,plant remains,palm-leaf stalk,11011,Al-Saada,,,YE,43.7667,16.95,B,Drewes et al. 2013,
6477,OxA-2629,,,3580,80,-19.8,bone,Homo sapiens,15791,Ra's al-Hamra 6,,settlement,OM,58.481925,23.623402,A,CalPal,
6548,OxA-2931,,,5160,90,-26.9,,,15776,Ra's al-Hamra 5,,settlement,OM,58.481545,23.628406,A,CalPal,
7153,OZV-449,,,2960,80,NA,charcoal,,303317,Saruq Al-Hadid,,settlement,AE,55.239796,24.665623,A,Weeks et al. 2019,
7155,OZV-451,,,2810,40,NA,charcoal,,303317,Saruq Al-Hadid,,settlement,AE,55.239796,24.665623,A,Weeks et al. 2019,
7156,OZV-454,,,2970,30,NA,charcoal,,303317,Saruq Al-Hadid,,settlement,AE,55.239796,24.665623,A,Weeks et al. 2019,
7157,OZV-455,,,2915,35,NA,charcoal,,303317,Saruq Al-Hadid,,settlement,AE,55.239796,24.665623,A,Weeks et al. 2019,
7158,OZV-456,,,3240,40,NA,charcoal,,303317,Saruq Al-Hadid,,settlement,AE,55.239796,24.665623,A,Weeks et al. 2019,
7159,OZV-457,,,3370,35,NA,charcoal,,303317,Saruq Al-Hadid,,settlement,AE,55.239796,24.665623,A,Weeks et al. 2019,
7160,OZV-968,,,2890,20,NA,charcoal,,303317,Saruq Al-Hadid,,settlement,AE,55.239796,24.665623,A,Weeks et al. 2019,
7161,OZV-969,,,2910,20,NA,charcoal,,303317,Saruq Al-Hadid,,settlement,AE,55.239796,24.665623,A,Weeks et al. 2019,
7162,OZV-971,,,2870,20,NA,charcoal,,303317,Saruq Al-Hadid,,settlement,AE,55.239796,24.665623,A,Weeks et al. 2019,
7164,OZV-973,,,3445,20,NA,charcoal,,303317,Saruq Al-Hadid,,settlement,AE,55.239796,24.665623,A,Weeks et al. 2019,
7467,P-2673,,,4030,70,NA,charcoal,,16201,Ra's al-Hamra 3,,settlement,OM,58.481193,23.631722,A,BÃ¶hner and Schyle 2006; CalPal; Hinz et al. 2012: http://radon-b.ufg.uni-kiel.de/samples/7181,
7485,P-2738,,,4170,220,NA,charcoal,,16201,Ra's al-Hamra 3,,settlement,OM,58.481193,23.631722,A,BÃ¶hner and Schyle 2006; CalPal; Hinz et al. 2012: http://radon-b.ufg.uni-kiel.de/samples/7182,
7486,P-2739,,,5140,200,NA,charcoal,,16202,Ra's al-Hamra 4,,settlement,OM,58.482258,23.63015,A,CalPal,
7487,P-2740,,,4320,200,NA,charcoal,,16202,Ra's al-Hamra 4,,settlement,OM,58.482258,23.63015,A,BÃ¶hner and Schyle 2006; CalPal; Hinz et al. 2012: http://radon-b.ufg.uni-kiel.de/samples/7184,
7488,P-2741,,,4030,50,NA,charcoal,,16202,Ra's al-Hamra 4,,settlement,OM,58.482258,23.63015,A,BÃ¶hner and Schyle 2006; CalPal; Hinz et al. 2012: http://radon-b.ufg.uni-kiel.de/samples/7183,
7783,PLD-29457,,,3813,23,NA,twig,,303507,Wadi al-Sail,burial mound,cemetery,BH,50.51645,26.133295,A,Abe and Uesugi 2021,
7784,PLD-37608,,,3736,20,NA,twig,,303507,Wadi al-Sail,burial mound,cemetery,BH,50.51645,26.133295,A,Abe and Uesugi 2021,
7785,PLD-37609,,,3722,19,NA,twig,,303507,Wadi al-Sail,burial mound,cemetery,BH,50.51645,26.133295,A,Abe and Uesugi 2021,
7786,PLD-37610,,,3760,19,NA,twig,,303507,Wadi al-Sail,burial mound,cemetery,BH,50.51645,26.133295,A,Abe and Uesugi 2021,
7787,PLD-37611,,,3602,19,NA,twig,,303507,Wadi al-Sail,burial mound,cemetery,BH,50.51645,26.133295,A,Abe and Uesugi 2021,
7788,PLD-37612,,,3783,19,NA,twig,,303507,Wadi al-Sail,burial mound,cemetery,BH,50.51645,26.133295,A,Abe and Uesugi 2021,
7789,PLD-37665,,,3760,22,NA,twig,,303507,Wadi al-Sail,burial mound,cemetery,BH,50.51645,26.133295,A,Abe and Uesugi 2021,
7790,PLD-38124,,,3822,24,NA,twig,,303507,Wadi al-Sail,burial mound,cemetery,BH,50.51645,26.133295,A,Abe and Uesugi 2021,
7791,PLD-38125,,,3326,22,NA,twig,,303507,Wadi al-Sail,burial mound,cemetery,BH,50.51645,26.133295,A,Abe and Uesugi 2021,
8245,R-1946a,,,2840,70,NA,charcoal,,303391,YalÃ¢,,settlement,YE,45.143396,15.270176,A,Manzo 2005,
8246,R-1947a,,,2980,65,NA,charcoal,,303391,YalÃ¢,,settlement,YE,45.143396,15.270176,A,Manzo 2005,
8247,R-1948a,,,2750,75,NA,charcoal,,303391,YalÃ¢,,settlement,YE,45.143396,15.270176,A,Manzo 2005,
8312,R-667,,,5090,200,NA,charcoal,,16441,NO Aramco camp G-2554,,camp site,SA,50.26,18.76,B,CalPal,
9707,SacA-32918,,,5475,30,NA,bone (apatite),Homo sapiens,15791,Ra's al-Hamra 6,Grave 1,settlement,OM,58.481925,23.623402,A,Zazzo et al. 2016,
9708,SacA-32919,,,5600,30,NA,bone (apatite),Homo sapiens,15791,Ra's al-Hamra 6,Grave 2,settlement,OM,58.481925,23.623402,A,Zazzo et al. 2016,
9709,SacA-32920,,,5520,30,NA,bone (apatite),Homo sapiens,15791,Ra's al-Hamra 6,Grave 3,settlement,OM,58.481925,23.623402,A,Zazzo et al. 2016,
9832,SUERC-1812,,,5630,50,NA,,,303299,"MR 11, Marawah Island",house,settlement,AE,53.260005,24.274406,A,Lidour and Beech 2019,
10550,UGAMS-44678,,,4520,25,NA,charcoal,,303488,Jebel Oraf 200,,hearth site,SA,40.799,27.8886,A,Guagnin et al. 2020,
10551,UGAMS-44684,,,4780,25,NA,bone,,303489,Jebel Oraf 108,,cairn,SA,40.803,27.902,B,Guagnin et al. 2020,
10552,UGAMS-44685,,,5520,25,NA,charcoal,,303295,Jebel Oraf 2,"fill of hearth 2, Trench 7, Context 702",settlement,SA,40.806399,27.91036,A,Guagnin et al. 2020,
10553,UGAMS-46482,,,5560,20,NA,bone,Homo sapiens,303491,IDIHA-F-0011166,,grave,SA,38.76,26.44,C,Thomas et al. 2021,
10554,UGAMS-46483,,,5580,25,NA,bone,Homo sapiens,303491,IDIHA-F-0011166,,grave,SA,38.76,26.44,C,Thomas et al. 2021,
10555,UGAMS-46485,,,5430,20,NA,bone,Homo sapiens,303490,IDIHA-F-0000132,,grave,SA,37.57,26.94,C,Thomas et al. 2021,
10556,UGAMS-46486,,,4850,20,NA,bone,Homo sapiens,303490,IDIHA-F-0000132,,grave,SA,37.57,26.94,C,Thomas et al. 2021,
10557,UGAMS-51029,,,5310,20,NA,bone,Canis,303490,IDIHA-F-0000132,,grave,SA,37.57,26.94,C,Thomas et al. 2021,
10570,UGMS-51069,,,3920,20,NA,bone,Homo sapiens,303502,Khaybar Oasis,Grave F- 0029899,tomb,SA,39.267942,25.721103,A,Kennedy et al. 2021,
10571,UGMS-51070,,,3880,20,NA,bone,Homo sapiens,303502,Khaybar Oasis,Grave F- 0029902,tomb,SA,39.2787,25.718851,A,Kennedy et al. 2021,
10572,UGMS-51072,,,4050,20,NA,bone,Homo sapiens,303502,Khaybar Oasis,Grave F-0029917,tomb,SA,39.250563,25.706981,A,Kennedy et al. 2021,
10574,UGMS-51076,,,3990,20,NA,bone,Homo sapiens,303502,Khaybar Oasis,Grave F- 0029909,tomb,SA,39.224995,25.720516,A,Kennedy et al. 2021,
10792,Wk-43223,,,4596,21,NA,,,303486,Jubbah,,cairn,SA,40.94,28.02,A,Petraglia et al. 2020,
10806,Wk-44943,,,4738,20,NA,,,303487,Jebel Oraf 115,,rock shelter,SA,40.789,27.8997,A,Petraglia et al. 2020,
10813,Wk-45124,,,4730,15,NA,,,303487,Jebel Oraf 115,,rock shelter,SA,40.789,27.8997,A,Petraglia et al. 2020,
10816,Wk-45128,,,5465,20,NA,,,303295,Jebel Oraf 2,,settlement,SA,40.806399,27.91036,A,Petraglia et al. 2020,
10897,,,NoLabID,5520,75,NA,,,16406,Wadi al-Ghira 16,,camp site,SA,50,20,E,CalPal,
JM1,AAR-18002,,,3459,40,NA,charcoal,,JMSID1,Royal Mounds of A'ali,Mound A,cemetery,BH,50.51704976,26.16055806,A,"Laursen, 2017, p. 267",
JM10,AAR-12611,,,3470,50,NA,charcoal,,JMSID1,Royal Mounds of A'ali,Mound N,cemetery,BH,50.51704976,26.16055806,A,"Laursen, 2017, p. 269",
JM11,AAR-16619,,,3494,26,NA,charcoal,,JMSID1,Royal Mounds of A'ali,Mound N,cemetery,BH,50.51704976,26.16055806,A,"Laursen, 2017, p. 269",
JM116,Ly 3076,,,3110,170,NA,charcoal,,JMSID7,Rumeilah,,settlement,AE,55.7590929,24.27708164,A,"Magee, 1996",
JM117,Ly 3783,,,2970,150,NA,charcoal,,JMSID7,Rumeilah,,settlement,AE,55.7590929,24.27708164,A,"Magee, 1996",
JM119,Ly 3078,,,2860,150,NA,charcoal,,JMSID7,Rumeilah,,settlement,AE,55.7590929,24.27708164,A,"Magee, 1996",
JM12,AAR-16616,,,3509,27,NA,charcoal,,JMSID1,Royal Mounds of A'ali,Mound N,cemetery,BH,50.51704976,26.16055806,A,"Laursen, 2017, p. 269",
JM128,Kn 3499,,,2770,160,NA,charcoal,,JMSID8,Lizq,,settlement,OM,58.182986,22.697917,A,"Magee, 1996",
JM13,AAR-16617,,,3548,30,NA,charcoal,,JMSID1,Royal Mounds of A'ali,Mound N,cemetery,BH,50.51704976,26.16055806,A,"Laursen, 2017, p. 269",
JM14,AAR-16618,,,3577,28,NA,charcoal,,JMSID1,Royal Mounds of A'ali,Mound N,cemetery,BH,50.51704976,26.16055806,A,"Laursen, 2017, p. 269",
JM15,AAR-18014,,,3422,26,NA,charcoal,,JMSID1,Royal Mounds of A'ali,Mound O,cemetery,BH,50.51704976,26.16055806,A,"Laursen, 2017, p. 270",
JM16,AAR-18016,,,3424,30,NA,charcoal,,JMSID1,Royal Mounds of A'ali,Mound O,cemetery,BH,50.51704976,26.16055806,A,"Laursen, 2017, p. 270",
JM161,SacA44355,,,4555,30,NA,bone (apatite),H. Sapiens,JMSID10,Dûmat al-Jandal,"Platform Area, Deposit 4 [SD18_L2200_SU2605]",settlement,SA,39.86739686,29.81117929,B,"Munoz et al., 2020",
JM165,SacA44370,,,5645,30,NA,bone (apatite),H. Sapiens,JMSID10,Dûmat al-Jandal,"Cairns (survey), Tomb 1089",settlement,SA,39.86739686,29.81117929,B,"Munoz et al., 2020",
JM166,SacA44358,,,5545,30,NA,bone (apatite),H. Sapiens,JMSID10,Dûmat al-Jandal,"Cairns (survey), Tomb L2206",settlement,SA,39.86739686,29.81117929,B,"Munoz et al., 2020",
JM167,SacA44367,,,5385,30,NA,bone (apatite),H. Sapiens,JMSID10,Dûmat al-Jandal,"Cairns (survey), Tomb 1086",settlement,SA,39.86739686,29.81117929,B,"Munoz et al., 2020",
JM168,SacA44378,,,4310,35,NA,bone (apatite),H. Sapiens,JMSID10,Dûmat al-Jandal,"Cairns (survey), Tomb 1091",settlement,SA,39.86739686,29.81117929,B,"Munoz et al., 2020",
JM169,SacA44368,,,3960,30,NA,bone (apatite),H. Sapiens,JMSID10,Dûmat al-Jandal,"Cairns (survey), Tomb 1087",settlement,SA,39.86739686,29.81117929,B,"Munoz et al., 2020",
JM17,AAR-20015,,,3459,27,NA,charcoal,,JMSID1,Royal Mounds of A'ali,Mound O,cemetery,BH,50.51704976,26.16055806,A,"Laursen, 2017, p. 270",
JM170,SacA44369,,,3235,30,NA,bone (apatite),H. Sapiens,JMSID10,Dûmat al-Jandal,"Cairns (survey), Tomb 1088",settlement,SA,39.86739686,29.81117929,B,"Munoz et al., 2020",
JM18,AAR-18015,,,3479,29,NA,charcoal,,JMSID1,Royal Mounds of A'ali,Mound O,cemetery,BH,50.51704976,26.16055806,A,"Laursen, 2017, p. 270",
JM19,AAR-20014,,,3525,26,NA,charcoal,,JMSID1,Royal Mounds of A'ali,Mound O,cemetery,BH,50.51704976,26.16055806,A,"Laursen, 2017, p. 270",
JM2,AAR-18003,,,3664,29,NA,charcoal,,JMSID1,Royal Mounds of A'ali,Mound A,cemetery,BH,50.51704976,26.16055806,A,"Laursen, 2017, p. 267",
JM20,AAR-18012,,,3600,28,NA,charcoal,,JMSID1,Royal Mounds of A'ali,Mound O,cemetery,BH,50.51704976,26.16055806,A,"Laursen, 2017, p. 270",
JM209,BM 2928,,,3610,40,NA,charcoal,,JMSID34,Nud Ziba,,settlement,AE,56.016667,25.624167,A,"Kennet and Velde, 1995",
JM21,AAR-20535,,,3616,29,NA,charcoal,,JMSID1,Royal Mounds of A'ali,Mackay Tomb 29,cemetery,BH,50.51704976,26.16055806,A,"Laursen, 2017, p. 271",
JM210,AA84596,,,3968,46,NA,charcoal,,303317,Saruq Al-Hadid,,settlement,AE,55.239796,24.665623,A,"Herrmann, Casana and Qandil, 2012",
JM211,AA84590,,,2768,39,NA,charcoal,,303317,Saruq Al-Hadid,,settlement,AE,55.239796,24.665623,A,"Herrmann, Casana and Qandil, 2012",
JM212,AA84591,,,2811,40,NA,charcoal,,303317,Saruq Al-Hadid,,settlement,AE,55.239796,24.665623,A,"Herrmann, Casana and Qandil, 2012",
JM213,AA85670,,,2790,46,NA,charcoal,,303317,Saruq Al-Hadid,,settlement,AE,55.239796,24.665623,A,"Herrmann, Casana and Qandil, 2012",
JM214,AA84589,,,2837,40,NA,charcoal,,303317,Saruq Al-Hadid,,settlement,AE,55.239796,24.665623,A,"Herrmann, Casana and Qandil, 2012",
JM215,AA84593,,,3487,41,NA,charcoal,,303317,Saruq Al-Hadid,,settlement,AE,55.239796,24.665623,A,"Herrmann, Casana and Qandil, 2012",
JM216,AA84594,,,3471,40,NA,charcoal,,303317,Saruq Al-Hadid,,settlement,AE,55.239796,24.665623,A,"Herrmann, Casana and Qandil, 2012",
JM217,AA84595,,,3610,57,NA,charcoal,,303317,Saruq Al-Hadid,,settlement,AE,55.239796,24.665623,A,"Herrmann, Casana and Qandil, 2012",
JM218,AA84597,,,3740,96,NA,charcoal,,303317,Saruq Al-Hadid,,settlement,AE,55.239796,24.665623,A,"Herrmann, Casana and Qandil, 2012",
JM219,AA84598,,,4326,56,NA,charcoal,,303317,Saruq Al-Hadid,,settlement,AE,55.239796,24.665623,A,"Herrmann, Casana and Qandil, 2012",
JM22,AAR-20534,,,3666,27,NA,charcoal,,JMSID1,Royal Mounds of A'ali,Mackay Tomb 29,cemetery,BH,50.51704976,26.16055806,A,"Laursen, 2017, p. 271",
JM225,MAMS20862,,,2803,20,NA,sediment,,JMSID35,"Wadi al Hilo, HLO1",,settlement,AE,56.2185417,24.99006564,A,"Uerpmann et al., 2018",
JM226,MAMS20861,,,2894,20,NA,charcoal,,JMSID35,"Wadi al Hilo, HLO1",,settlement,AE,56.2185417,24.99006564,A,"Uerpmann et al., 2018",
JM227,MAMS27413,,,3399,26,NA,ash,,JMSID35,"Wadi al Hilo, HLO1",,settlement,AE,56.2185417,24.99006564,A,"Uerpmann et al., 2018",
JM228,MAMS27412,,,3408,26,NA,ash,,JMSID35,"Wadi al Hilo, HLO1",,settlement,AE,56.2185417,24.99006564,A,"Uerpmann et al., 2018",
JM229,MAMS20864,,,3580,26,NA,bone,,JMSID35,"Wadi al Hilo, HLO1",,settlement,AE,56.2185417,24.99006564,A,"Uerpmann et al., 2018",
JM23,AAR-10319,,,3497,42,NA,charcoal,,JMSID1,Royal Mounds of A'ali,Mound OA 204,cemetery,BH,50.51704976,26.16055806,A,"Laursen, 2017, p. 272",
JM230,MAMS27410,,,3880,26,NA,charcoal,,JMSID35,"Wadi al Hilo, HLO1",,settlement,AE,56.2185417,24.99006564,A,"Uerpmann et al., 2018",
JM231,Hd-28956,,,5094,82,NA,sediment,,JMSID35,"Wadi al Hilo, HLO1",,settlement,AE,56.2185417,24.99006564,A,"Uerpmann et al., 2018",
JM232,MAMS20866,,,5195,33,NA,sediment,,JMSID35,"Wadi al Hilo, HLO1",,settlement,AE,56.2185417,24.99006564,A,"Uerpmann et al., 2018",
JM233,MAMS15107,,,5420,28,NA,ash,,JMSID35,"Wadi al Hilo, HLO1",,settlement,AE,56.2185417,24.99006564,A,"Uerpmann et al., 2018",
JM239,NUTA2‐27847,,,5620,35,NA,charcoal,,JMSID36,Mugharat al‐Kahf,Layer Ib,cave,OM,57.46906784,23.05349428,C,"Miki et al., 2022",
JM24,AAR-20670,,,3633,25,NA,charcoal,ziziphus spina- christi,JMSID1,Royal Mounds of A'ali,Mound OA 204,cemetery,BH,50.51704976,26.16055806,A,"Laursen, 2017, p. 272",
JM240,NUTA2‐27838,,,4340,40,NA,charcoal,,JMSID36,Mugharat al‐Kahf,Layer Ib,cave,OM,57.46906784,23.05349428,C,"Miki et al., 2022",
JM241,NUTA2‐27839,,,4265,35,NA,charcoal,,JMSID36,Mugharat al‐Kahf,Layer Ib,cave,OM,57.46906784,23.05349428,C,"Miki et al., 2022",
JM242,NUTA2‐27840,,,4200,30,NA,charcoal,,JMSID36,Mugharat al‐Kahf,Layer Ib,cave,OM,57.46906784,23.05349428,C,"Miki et al., 2022",
JM243,NUTA2‐27841,,,4155,30,NA,charcoal,,JMSID36,Mugharat al‐Kahf,Layer Ib,cave,OM,57.46906784,23.05349428,C,"Miki et al., 2022",
JM244,NUTA2‐27842,,,4245,35,NA,charcoal,,JMSID36,Mugharat al‐Kahf,Layer Ib,cave,OM,57.46906784,23.05349428,C,"Miki et al., 2022",
JM245,NUTA2‐27843,,,4055,30,NA,charcoal,,JMSID36,Mugharat al‐Kahf,Layer Ib,cave,OM,57.46906784,23.05349428,C,"Miki et al., 2022",
JM246,NUTA2‐27848,,,4085,30,NA,charcoal,,JMSID36,Mugharat al‐Kahf,Layer Ib,cave,OM,57.46906784,23.05349428,C,"Miki et al., 2022",
JM247,NUTA2‐27827,,,3415,35,NA,seed (charred),Phoenix dactylifera,JMSID36,Mugharat al‐Kahf,Lower part of Layer Ia collected from sieving,cave,OM,57.46906784,23.05349428,C,"Miki et al., 2022",
JM248,NUTA2‐27828,,,3310,35,NA,seed (charred),Phoenix dactylifera,JMSID36,Mugharat al‐Kahf,Lower part of Layer Ia collected from sieving,cave,OM,57.46906784,23.05349428,C,"Miki et al., 2022",
JM249,NUTA2‐27829,,,3335,35,NA,seed (charred),Phoenix dactylifera,JMSID36,Mugharat al‐Kahf,Lower part of Layer Ia collected from sieving,cave,OM,57.46906784,23.05349428,C,"Miki et al., 2022",
JM25,AAR-14554,,,3467,24,NA,charcoal,,JMSID1,Royal Mounds of A'ali,Mound 8,cemetery,BH,50.51704976,26.16055806,A,"Laursen, 2017, p. 273",
JM250,NUTA2‐27830,,,3295,35,NA,seed (charred),Phoenix dactylifera,JMSID36,Mugharat al‐Kahf,Lower part of Layer Ia collected from sieving,cave,OM,57.46906784,23.05349428,C,"Miki et al., 2022",
JM251,NUTA2‐27831,,,3345,35,NA,seed (charred),Phoenix dactylifera,JMSID36,Mugharat al‐Kahf,Lower part of Layer Ia collected from sieving,cave,OM,57.46906784,23.05349428,C,"Miki et al., 2022",
JM252,NUTA2‐27832,,,3290,35,NA,seed (charred),Phoenix dactylifera,JMSID36,Mugharat al‐Kahf,Lower part of Layer Ia collected from sieving,cave,OM,57.46906784,23.05349428,C,"Miki et al., 2022",
JM253,NUTA2‐27833,,,3335,35,NA,seed (charred),Phoenix dactylifera,JMSID36,Mugharat al‐Kahf,Lower part of Layer Ia collected from sieving,cave,OM,57.46906784,23.05349428,C,"Miki et al., 2022",
JM254,NUTA2‐27834,,,3430,35,NA,seed (charred),Phoenix dactylifera,JMSID36,Mugharat al‐Kahf,Lower part of Layer Ia collected from sieving,cave,OM,57.46906784,23.05349428,C,"Miki et al., 2022",
JM255,NUTA2‐27835,,,3362,30,NA,seed (charred),Phoenix dactylifera,JMSID36,Mugharat al‐Kahf,Lower part of Layer Ia collected from sieving,cave,OM,57.46906784,23.05349428,C,"Miki et al., 2022",
JM256,NUTA2‐27836,,,3580,30,NA,seed (charred),Phoenix dactylifera,JMSID36,Mugharat al‐Kahf,Lower part of Layer Ia collected from sieving,cave,OM,57.46906784,23.05349428,C,"Miki et al., 2022",
JM257,NUTA2‐27837,,,3560,30,NA,seed (charred),Phoenix dactylifera,JMSID36,Mugharat al‐Kahf,Lower part of Layer Ia collected from sieving,cave,OM,57.46906784,23.05349428,C,"Miki et al., 2022",
JM26,AAR-16609,,,3474,35,NA,charcoal,,JMSID1,Royal Mounds of A'ali,Mound 8,cemetery,BH,50.51704976,26.16055806,A,"Laursen, 2017, p. 273",
JM264,MC-2259,,,3520,90,NA,,,JMSID37,Hilli 8,F20,,AE,55.79321847,24.29295099,B,"Cleuziou, 1980, p. 32",
JM265,MC-2260,,,3430,90,NA,,,JMSID37,Hilli 8,,,AE,55.79321847,24.29295099,B,"Cleuziou, 1980, p. 32",
JM266,MC-2261,,,3710,90,NA,,,JMSID37,Hilli 8,F3,,AE,55.79321847,24.29295099,B,"Cleuziou, 1980, p. 32",
JM267,MC-2262,,,3690,90,NA,,,JMSID37,Hilli 8,F5,,AE,55.79321847,24.29295099,B,"Cleuziou, 1980, p. 32",
JM268,MC-2263,,,3950,90,NA,,,JMSID37,Hilli 8,Unit 104,,AE,55.79321847,24.29295099,B,"Cleuziou, 1980, p. 32",
JM269,MC-2264,,,3840,100,NA,,,JMSID37,Hilli 8,F13,,AE,55.79321847,24.29295099,B,"Cleuziou, 1980, p. 32",
JM27,AAR-14553,,,3498,22,NA,charcoal,,JMSID1,Royal Mounds of A'ali,Mound 8,cemetery,BH,50.51704976,26.16055806,A,"Laursen, 2017, p. 273",
JM270,MC-2265,,,3900,100,NA,,,JMSID37,Hilli 8,F14,,AE,55.79321847,24.29295099,B,"Cleuziou, 1980, p. 32",
JM271,MC-2266,,,4400,100,NA,,,JMSID37,Hilli 8,Room 6,,AE,55.79321847,24.29295099,B,"Cleuziou, 1980, p. 32",
JM272,MC-2267,,,4400,100,NA,,,JMSID37,Hilli 8,Room 10,,AE,55.79321847,24.29295099,B,"Cleuziou, 1980, p. 32",
JM273,SM-1236,,,3603,213,NA,,,JMSID38,Hilli 1,,,AE,55.79321847,24.29295099,B,"Potts, 1997, p. 67",
JM274,SM-1237,,,3715,217,NA,,,JMSID38,Hilli 1,,,AE,55.79321847,24.29295099,B,"Potts, 1997, p. 67",
JM275,SM-1238,,,3603,213,NA,,,JMSID38,Hilli 1,,,AE,55.79321847,24.29295099,B,"Potts, 1997, p. 67",
JM276,SM-1239,,,3940,213,NA,,,JMSID38,Hilli 1,,,AE,55.79321847,24.29295099,B,"Potts, 1997, p. 67",
JM277,K-5574,,,3685,60,NA,charcoal,,303365,Tell Abraq,,settlement,AE,55.55,25.483333,A,"Potts, 1993, p. 126",
JM278,K-5575,,,3750,65,NA,charcoal,,303365,Tell Abraq,,settlement,AE,55.55,25.483333,A,"Potts, 1993, p. 126",
JM279,K-5576,,,3720,85,NA,carbonized dates,Phoenix dactylifera,303365,Tell Abraq,,settlement,AE,55.55,25.483333,A,"Potts, 1993, p. 126",
JM28,AAR-16608,,,3521,26,NA,charcoal,,JMSID1,Royal Mounds of A'ali,Mound 8,cemetery,BH,50.51704976,26.16055806,A,"Laursen, 2017, p. 273",
JM280,K-5577,,,3745,75,NA,carbonized dates,Phoenix dactylifera,303365,Tell Abraq,,settlement,AE,55.55,25.483333,A,"Potts, 1993, p. 126",
JM281,K-5578,,,3730,85,NA,carbonized dates,Phoenix dactylifera,303365,Tell Abraq,,settlement,AE,55.55,25.483333,A,"Potts, 1993, p. 126",
JM282,K-5579,,,3270,75,NA,carbonized dates,Phoenix dactylifera,303365,Tell Abraq,,settlement,AE,55.55,25.483333,A,"Potts, 1993, p. 126",
JM283,K-5580,,,3470,80,NA,carbonized dates,Phoenix dactylifera,303365,Tell Abraq,,settlement,AE,55.55,25.483333,A,"Potts, 1993, p. 126",
JM284,K-5581,,,3830,85,NA,carbonized dates,Phoenix dactylifera,303365,Tell Abraq,,settlement,AE,55.55,25.483333,A,"Potts, 1993, p. 126",
JM285,K-5582,,,4020,85,NA,charcoal,,303365,Tell Abraq,,settlement,AE,55.55,25.483333,A,"Potts, 1993, p. 126",
JM286,K-5583,,,3370,80,NA,carbonized dates,Phoenix dactylifera,303365,Tell Abraq,,settlement,AE,55.55,25.483333,A,"Potts, 1993, p. 126",
JM287,OZA-918U,,,3480,70,NA,,,303365,Tell Abraq,,settlement,AE,55.55,25.483333,A,"Potts, 1997, p. 68",
JM288,OZA-920U,,,3450,70,NA,,,303365,Tell Abraq,,settlement,AE,55.55,25.483333,A,"Potts, 1997, p. 68",
JM289,OZA-921U,,,3440,60,NA,,,303365,Tell Abraq,,settlement,AE,55.55,25.483333,A,"Potts, 1997, p. 68",
JM29,AAR-16607,,,3546,25,NA,charcoal,,JMSID1,Royal Mounds of A'ali,Mound 8,cemetery,BH,50.51704976,26.16055806,A,"Laursen, 2017, p. 273",
JM290,OZA-923U,,,3750,60,NA,,,303365,Tell Abraq,,settlement,AE,55.55,25.483333,A,"Potts, 1997, p. 68",
JM291,OZA-924U,,,3760,100,NA,,,303365,Tell Abraq,,settlement,AE,55.55,25.483333,A,"Potts, 1997, p. 68",
JM292,OZA-929U,,,3830,90,NA,,,303365,Tell Abraq,,settlement,AE,55.55,25.483333,A,"Potts, 1997, p. 68",
JM293,OZA-930U,,,3730,60,NA,,,303365,Tell Abraq,,settlement,AE,55.55,25.483333,A,"Potts, 1997, p. 68",
JM294,OZA-936U,,,3760,60,NA,,,303365,Tell Abraq,,settlement,AE,55.55,25.483333,A,"Potts, 1997, p. 68",
JM295,Bln-3689,,,3450,70,NA,charcoal,,JMSID39,Ras Al Jinz RJ-1,,settlement,OM,59.83174689,22.42040148,B,"Monchablon et al., 2003, p. 31",
JM3,AAR-18005,,,3665,29,NA,charcoal,,JMSID1,Royal Mounds of A'ali,Mound A,cemetery,BH,50.51704976,26.16055806,A,"Laursen, 2017, p. 267",
JM303,KN-3499,,,2770,160,NA,bone,,JMSID8,Lizq,,settlement,OM,58.182986,22.697917,A,"Al-Jahwari, 2008, p. 624",
JM306,OZB805,,,2943,182,NA,wood charcoal,,JMSID4,Muweilah,"Area C, destruction level",settlement,AE,55.49732187,25.2988825,A,"Al-Jahwari, 2008, p. 626",
JM308,OZB807,,,2885,144,NA,wood charcoal,,JMSID4,Muweilah,"Area C, destruction level",settlement,AE,55.49732187,25.2988825,A,"Al-Jahwari, 2008, p. 626",
JM312,Wk-9506,,,2863,68,NA,wood charcoal,,JMSID4,Muweilah,"Area C, destruction level",settlement,AE,55.49732187,25.2988825,A,"Magee, 2003, p. 2",
JM314,Hd-18743,,,2804,53,NA,,,JMSID41,Raki 2,,,OM,56.5099537,23.59461584,C,"Magee, 2003, p. 5",
JM315,Hd-18790,,,2764,32,NA,,,JMSID41,Raki 2,,,OM,56.5099537,23.59461584,C,"Magee, 2003, p. 5",
JM316,Hd-18789,,,2864,34,NA,,,JMSID41,Raki 2,,,OM,56.5099537,23.59461584,C,"Magee, 2003, p. 5",
JM317,Hd-18742,,,2787,35,NA,,,JMSID41,Raki 2,,,OM,56.5099537,23.59461584,C,"Magee, 2003, p. 5",
JM318,Hd-18765,,,2807,39,NA,,,JMSID41,Raki 2,,,OM,56.5099537,23.59461584,C,"Magee, 2003, p. 5",
JM319,PA-1926,,,2760,40,NA,,,JMSID42,Hilli 17,,,AE,55.79321847,24.29295099,B,"Magee, 2003, p. 6",
JM34,AAR-19999,,,2752,25,NA,charcoal,,JMSID1,Royal Mounds of A'ali,Aziz Mound,cemetery,BH,50.51704976,26.16055806,A,"Laursen, 2017, p. 274",
JM342,GX-31771,,,2940,70,NA,,,JMSID44,Husn Salut,"US23, Building I Construction",settlement,OM,57.23298169,22.74752537,B,"Avanzini and Degli Esposti, 2018, pp. 43, 374",
JM344,GX-31547,,,3110,60,NA,,,JMSID44,Husn Salut,US6,settlement,OM,57.23298169,22.74752537,B,"Avanzini and Degli Esposti, 2018, pp. 96, 374",
JM345,GX-31550,,,3130,80,NA,,,JMSID44,Husn Salut,US20,settlement,OM,57.23298169,22.74752537,B,"Avanzini and Degli Esposti, 2018, pp. 96, 374",
JM346,14Fi0901,14Fi0905,,3020,40,NA,,,JMSID44,Husn Salut,US274,settlement,OM,57.23298169,22.74752537,B,"Avanzini and Degli Esposti, 2018, pp. 96, 374",
JM347,14Fi0899,14Fi0906,,3058,42,NA,,,JMSID44,Husn Salut,US275,settlement,OM,57.23298169,22.74752537,B,"Avanzini and Degli Esposti, 2018, pp. 96, 374",
JM348,GX-33107,,,3040,90,NA,,,JMSID44,Husn Salut,US337,settlement,OM,57.23298169,22.74752537,B,"Avanzini and Degli Esposti, 2018, pp. 96, 374",
JM349,14Fi2228,14Fi2233,,3295,45,NA,,,JMSID44,Husn Salut,US468,settlement,OM,57.23298169,22.74752537,B,"Avanzini and Degli Esposti, 2018, pp. 96, 374",
JM35,AAR-20003,,,3286,35,NA,charcoal,,JMSID1,Royal Mounds of A'ali,Al Maqsha Royal Mound,cemetery,BH,50.51704976,26.16055806,A,"Laursen, 2017, p. 275",
JM350,14Fi1526,14Fi1531,,3025,35,NA,,,JMSID44,Husn Salut,US473,settlement,OM,57.23298169,22.74752537,B,"Avanzini and Degli Esposti, 2018, pp. 98, 374",
JM351,14Fi2229,14Fi2232,,2930,45,NA,,,JMSID44,Husn Salut,US561,settlement,OM,57.23298169,22.74752537,B,"Avanzini and Degli Esposti, 2018, pp. 98, 374",
JM352,14Fi0904,14Fi0908,,2935,40,NA,,,JMSID44,Husn Salut,US289,settlement,OM,57.23298169,22.74752537,B,"Avanzini and Degli Esposti, 2018, pp. 98, 374",
JM353,GX-31773,,,2900,50,NA,,,JMSID44,Husn Salut,US16,settlement,OM,57.23298169,22.74752537,B,"Avanzini and Degli Esposti, 2018, pp. 98, 374",
JM354,GX-33106,,,2870,130,NA,,,JMSID44,Husn Salut,US318,settlement,OM,57.23298169,22.74752537,B,"Avanzini and Degli Esposti, 2018, pp. 98, 374",
JM355,GX-33108,,,2940,100,NA,,,JMSID44,Husn Salut,US367,settlement,OM,57.23298169,22.74752537,B,"Avanzini and Degli Esposti, 2018, pp. 98, 374",
JM356,14Fi0919,14Fi0923,,2950,45,NA,,,JMSID44,Husn Salut,US276,settlement,OM,57.23298169,22.74752537,B,"Avanzini and Degli Esposti, 2018, pp. 98, 374",
JM357,GX-31548,,,2910,50,NA,,,JMSID44,Husn Salut,US12,settlement,OM,57.23298169,22.74752537,B,"Avanzini and Degli Esposti, 2018, pp. 98, 374",
JM358,14Fi0909,14Fi0911,,3540,55,NA,,,JMSID44,Husn Salut,US298,settlement,OM,57.23298169,22.74752537,B,"Avanzini and Degli Esposti, 2018, pp. 184, 374",
JM359,14Fi0907,14Fi0913,,2990,47,NA,,,JMSID44,Husn Salut,US296,settlement,OM,57.23298169,22.74752537,B,"Avanzini and Degli Esposti, 2018, pp. 212, 374",
JM36,AAR-17999,,,3304,28,NA,charcoal,,JMSID1,Royal Mounds of A'ali,Al Maqsha Royal Mound,cemetery,BH,50.51704976,26.16055806,A,"Laursen, 2017, p. 275",
JM360,14Fi1555,14Fi1529,,2910,70,NA,,,JMSID44,Husn Salut,US454,settlement,OM,57.23298169,22.74752537,B,"Avanzini and Degli Esposti, 2018, pp. 214, 374",
JM361,GX-31546,,,2760,70,NA,,,JMSID44,Husn Salut,"US3, Building I Construction",settlement,OM,57.23298169,22.74752537,B,"Avanzini and Degli Esposti, 2018, p. 374",
JM362,14Fi2230,14Fi2231,,2950,50,NA,,,JMSID44,Husn Salut,US573,settlement,OM,57.23298169,22.74752537,B,"Avanzini and Degli Esposti, 2018, p. 374",
JM364,GX-31549,,,3030,50,NA,,,JMSID44,Husn Salut,US13,settlement,OM,57.23298169,22.74752537,B,"Avanzini and Degli Esposti, 2018, p. 374",
JM365,GX-1770,,,3060,70,NA,,,JMSID44,Husn Salut,US1,settlement,OM,57.23298169,22.74752537,B,"Avanzini and Degli Esposti, 2018, p. 374",
JM366,14Fi2251,14Fi2254,,2869,100,NA,,,JMSID44,Husn Salut,M143,settlement,OM,57.23298169,22.74752537,B,"Avanzini and Degli Esposti, 2018, p. 374",
JM37,AAR-20000,,,3343,26,NA,charcoal,,JMSID1,Royal Mounds of A'ali,Al Maqsha Royal Mound,cemetery,BH,50.51704976,26.16055806,A,"Laursen, 2017, p. 275",
JM38,AAR-20002,,,3398,35,NA,charcoal,,JMSID1,Royal Mounds of A'ali,Al Maqsha Royal Mound,cemetery,BH,50.51704976,26.16055806,A,"Laursen, 2017, p. 275",
JM39,AAR-10317,,,3666,39,NA,charcoal,,JMSID1,Royal Mounds of A'ali,Mound OA 514,cemetery,BH,50.51704976,26.16055806,A,"Laursen, 2017, p. 276",
JM4,AAR-16611,,,3448,35,NA,charcoal,,JMSID1,Royal Mounds of A'ali,Mound E,cemetery,BH,50.51704976,26.16055806,A,"Laursen, 2017, p. 268",
JM40,AAR-10318,,,3746,41,NA,charcoal,,JMSID1,Royal Mounds of A'ali,Mound OA 514,cemetery,BH,50.51704976,26.16055806,A,"Laursen, 2017, p. 276",
JM41,AAR-18001,,,3602,27,NA,charcoal,,JMSID1,Royal Mounds of A'ali,Mound 53 (Janabiyah Chiefly Cemetery),cemetery,BH,50.51704976,26.16055806,A,"Laursen, 2017, p. 276",
JM42,AAR-18000,,,3622,26,NA,charcoal,,JMSID1,Royal Mounds of A'ali,Mound 53 (Janabiyah Chiefly Cemetery),cemetery,BH,50.51704976,26.16055806,A,"Laursen, 2017, p. 276",
JM43,AR-12218,,,3749,35,NA,charcoal,,303507,Wadi al-Sail,Mound OA 695,cemetery,BH,50.51645,26.133295,A,"Laursen, 2017, p. 277",
JM44,K 5387,,,3630,60,NA,charcoal,,JMSID2,Dar Kulayb,Mound OA 252,cemetery,BH,50.50522067,26.07532364,A,"Laursen, 2017, p. 277",
JM5,AAR-20004,,,3482,25,NA,charcoal,,JMSID1,Royal Mounds of A'ali,Mound E,cemetery,BH,50.51704976,26.16055806,A,"Laursen, 2017, p. 268",
JM6,AAR-20005,,,3527,26,NA,charcoal,,JMSID1,Royal Mounds of A'ali,Mound E,cemetery,BH,50.51704976,26.16055806,A,"Laursen, 2017, p. 268",
JM7,AAR-14552 ,,,3566,25,NA,charcoal,,JMSID1,Royal Mounds of A'ali,Mound E,cemetery,BH,50.51704976,26.16055806,A,"Laursen, 2017, p. 268",
JM8,AAR-18008,,,3584,28,NA,charcoal,,JMSID1,Royal Mounds of A'ali,Mound E,cemetery,BH,50.51704976,26.16055806,A,"Laursen, 2017, p. 268",
JM9,AAR-20013,,,3458,28,NA,charcoal,,JMSID1,Royal Mounds of A'ali,Mound N,cemetery,BH,50.51704976,26.16055806,A,"Laursen, 2017, p. 269",
JM370,GU55748,,,5074,23,NA,charcoal,,JMSID45,Umm Jirsan,Trench 1,cave,SA,39.75719065,25.58872047,A,"Stewart et al., 2024",
JM373,GdA-1158,,,3410,30,NA,bone,Homo sapiens,JMSID45,Umm Jirsan,,cave,SA,39.75719065,25.58872047,A,"Stewart et al., 2024; taken from Pint 2009",
JM374,GdA-1157,,,4040,30,NA,bone,Homo sapiens,JMSID45,Umm Jirsan,,cave,SA,39.75719065,25.58872047,A,"Stewart et al., 2024; taken from Pint 2009",
JM377,GU56833,,,2898,29,NA,bone,Homo sapiens,JMSID45,Umm Jirsan,,cave,SA,39.75719065,25.58872047,A,"Stewart et al., 2024",
JM378,GU56834,,,3911,29,NA,bone,Homo sapiens,JMSID45,Umm Jirsan,,cave,SA,39.75719065,25.58872047,A,"Stewart et al., 2024",
JM382,GU55754,,,4128,32,NA,dentin,Equus sp.,JMSID45,Umm Jirsan,,cave,SA,39.75719065,25.58872047,A,"Stewart et al., 2024",
JM383,GU55755,,,2824,31,NA,dentin,Bos sp.,JMSID45,Umm Jirsan,,cave,SA,39.75719065,25.58872047,A,"Stewart et al., 2024",
JM385,GU56835,,,3919,29,NA,dentin,Gazella sp.,JMSID45,Umm Jirsan,,cave,SA,39.75719065,25.58872047,A,"Stewart et al., 2024",
JM386,GU56836,,,3551,29,NA,dentin,Gazella sp.,JMSID45,Umm Jirsan,,cave,SA,39.75719065,25.58872047,A,"Stewart et al., 2024",
JM388,GU56837,,,2986,29,NA,dentin,Capara sp.,JMSID45,Umm Jirsan,,cave,SA,39.75719065,25.58872047,A,"Stewart et al., 2024",
JM389,DeA42268,,,3436,35,NA,charcoal,Tamarix sp.,JMSID46,Khaybar (ramparts),KH00905,settlement (wall),SA,39.2677,25.207,A,"Charloux et al., 2024",
JM390,DeA42277,,,3799,59,NA,caryopsis (seed),Triticum aestivum/durum,JMSID46,Khaybar (ramparts),KH00906,settlement (wall),SA,39.2677,25.207,A,"Charloux et al., 2024",
JM391,DeA42269,,,3729,36,NA,charcoal,Vachellia sp.,JMSID46,Khaybar (ramparts),KH00906,settlement (wall),SA,39.2677,25.207,A,"Charloux et al., 2024",
JM392,DeA42270,,,3774,91,NA,"caryopsis (seed), charcoal","Cerealia, Amaranthaceae",JMSID46,Khaybar (ramparts),KH00919,settlement (wall),SA,39.2422,25.388,A,"Charloux et al., 2024",
JM393,DeA43982,,,3706,33,NA,charcoal,Vachellia sp.,JMSID46,Khaybar (ramparts),KH00965,settlement (wall),SA,39.255,25.606,A,"Charloux et al., 2024",
JM394,DeA42271,,,3771,37,NA,wood charcoal,Tamarix sp.,JMSID46,Khaybar (ramparts),KH01130,settlement (wall),SA,39.289,25.74,A,"Charloux et al., 2024",
JM395,DeA43983,,,3668,29,NA,wood charcoal,Tamarix sp.,JMSID46,Khaybar (ramparts),KH09039,settlement (wall),SA,39.285,25.742,A,"Charloux et al., 2024",
JM396,DeA43984,,,3367,29,NA,wood charcoal,Vachellia sp.,JMSID46,Khaybar (ramparts),KH09039,settlement (wall),SA,39.285,25.742,A,"Charloux et al., 2024",
JM404,AA60245,2004-009-1-T3-7,,4471,42,NA,wood charcoal,,JMSID49,Wādī Sanā irrigation structures,sediment above rockbordered canal,,YE,49.47988473,15.77458663,A,"McCorriston and Harrower, 2020, p. 392",
JM405,AA59569,2004-009-1-T1-2,,4475,36,NA,wood charcoal,,JMSID50,Wādī Sanā irrigation structures,sediment above rockbordered canal,,YE,49.4799982,15.77438859,A,"McCorriston and Harrower, 2020, p. 392",
JM406,AA60251,2004-W23-1-H1-1,,5637,44,NA,wood charcoal,,JMSID51,Wādī Sanā irrigation structures,hearth in silt below water diversion channel,,YE,49.48685992,15.80307747,A,"McCorriston and Harrower, 2020, p. 392",
JM427,AA83498,,,2776,54,NA,bone (bioapatite),,JMSID67,Wādī ʿAtuf/ Wādī ʿIdim,,,YE,49.28295477,15.58219307,A,"McCorriston and Harrower, 2020",
JM428,AA90838,,,3067,39,NA,teeth,H. Sapiens,JMSID68,Wādī Ḥarū,,,YE,48.90504385,15.7155358,A,"McCorriston and Harrower, 2020",
JM429,OS16724,,,3190,30,NA,wood charcoal,Ziziphus sp.,JMSID69,Wādī ʿIdim,,,YE,48.62167928,15.61326744,A,"McCorriston and Harrower, 2020",
JM430,AA83499,,,3663,41,NA,bone (bioapatite),,JMSID70,Wādī Sissib (south of Wādī Bin ʿAlī),,,YE,48.92105334,15.51928186,A,"McCorriston and Harrower, 2020",
JM431,AA83497,,,3686,41,NA,bone (bioapatite),,JMSID66,Wādī ʿAtuf/ Wādī ʿIdim,,,YE,48.90696825,15.51133296,A,"McCorriston and Harrower, 2020",
JM432,AA83493,,,3912,39,NA,bone (bioapatite),H. Sapiens,JMSID71,Wādī ʿAtuf/ Wādī ʿIdim,,,YE,48.90660003,15.51180836,A,"McCorriston and Harrower, 2020",
JM433,AA83494,,,4288,47,NA,bone (bioapatite),H. Sapiens,JMSID72,Wādī ʿAtuf/ Wādī ʿIdim,,,YE,49.48042345,15.77243034,A,"McCorriston and Harrower, 2020",
JM434,AA79763,,,4294,38,NA,charcoal,,JMSID73,Wādī Sanā,,,YE,48.89116839,15.68788036,A,"McCorriston and Harrower, 2020",
JM435,Beta208493,,,4400,70,NA,charcoal,,JMSID74,05-WIY03D,,,YE,49.47988473,15.77458663,A,"McCorriston and Harrower, 2020",
JM436,AA60245,,,4471,42,NA,charcoal,,JMSID75,Wādī Sanā water structures,,,YE,49.4799982,15.77438859,A,"McCorriston and Harrower, 2020",
JM437,AA59569,,,4475,36,NA,wood charcoal,Dicotyledonous hardwood,JMSID76,Wādī Sanā water structures,,,YE,48.90482028,15.72279816,A,"McCorriston and Harrower, 2020",
JM438,Beta208492,,,4520,40,NA,charcoal,,JMSID77,05-WIY-01- 915,,,YE,49.28295477,15.58219307,A,"McCorriston and Harrower, 2020",
JM440,AA61078,,,4545,45,NA,charcoal,,JMSID79,04-WS-4(1),,,YE,49.43034616,15.75366512,A,"McCorriston and Harrower, 2020",
JM441,OS16958,,,4610,45,NA,charcoal,Balanites or Tamarix,JMSID80,"Cave Site-1, 0.30–0.40",,,YE,49.39944849,15.73566335,A,"McCorriston and Harrower, 2020",
JM442,AA59756,,,4633,40,NA,charcoal,,JMSID80,04WS-17(1),,,YE,49.39944849,15.73566335,A,"McCorriston and Harrower, 2020",
JM443,AA59757,,,4721,56,NA,charcoal,,JMSID81,04WS-17(4),,,YE,49.42946722,15.75631587,A,"McCorriston and Harrower, 2020",
JM444,OS18691,,,4800,60,NA,charcoal,Acacia,JMSID82,Cave Site-2,,,YE,49.44850854,15.7669271,A,"McCorriston and Harrower, 2020",
JM445,AA60239,,,5081,70,NA,charcoal,,JMSID83,Wādī Sanā survey,,,YE,49.39970458,15.7255883,A,"McCorriston and Harrower, 2020",
JM446,AA60240,,,5161,43,NA,charcoal,,JMSID84,Wādī Sanā,,,YE,49.39970542,15.72547985,A,"McCorriston and Harrower, 2020",
JM447,AA60243,,,5182,58,NA,charcoal,,JMSID85,Wādī Sanā,,,YE,48.89242145,15.69845484,A,"McCorriston and Harrower, 2020",
JM448,AA38384,,,5280,52,NA,wood charcoal,,JMSID86,00-WI-10,,,YE,48.89149966,15.69013338,A,"McCorriston and Harrower, 2020",
JM449,AA38385,,,5288,52,NA,wood charcoal,,JMSID87,00-WI-12,,,YE,49.45360502,15.7742207,A,"McCorriston and Harrower, 2020",
JM450,Beta208494,,,5320,50,NA,charcoal,,JMSID88,05-WSX16A2,,,YE,49.47975299,15.77473031,A,"McCorriston and Harrower, 2020",
JM451,AA59763,,,5329,42,NA,charcoal,,JMSID89,04WS7(0.7),,,YE,49.45283712,15.77332954,A,"McCorriston and Harrower, 2020",
JM452,AA59761,,,5402,42,NA,charcoal,,JMSID90,04-WS-6,,,YE,49.47333511,15.78424742,A,"McCorriston and Harrower, 2020",
JM453,AA38380,,,5485,64,NA,wood charcoal,,JMSID91,P2000- 8A-0.25,,,YE,49.44844802,15.77488893,A,"McCorriston and Harrower, 2020",
JM454,AA66861,,,5514,48,NA,charcoal,Acacia sp.,JMSID92,Wādī Sanā,,,YE,49.44850854,15.7669271,A,"McCorriston and Harrower, 2020",
JM455,AA60241,,,5545,43,NA,charcoal,,JMSID93,Wādī Sanā survey,,,YE,49.51081824,15.82146353,A,"McCorriston and Harrower, 2020",
JM456,AA81816,,,5603,67,NA,charcoal,,JMSID94,Wādī Sanā,,,YE,49.46416794,15.77948321,A,"McCorriston and Harrower, 2020",
JM457,AA38547,,,5616,84,NA,charcoal,,JMSID95,Wādī Sanā,,,YE,49.48685992,15.80307747,A,"McCorriston and Harrower, 2020",
JM458,AA60251,,,5637,44,NA,charcoal,,JMSID96,Wādī Sanā,,,YE,49.46416828,15.77943803,A,"McCorriston and Harrower, 2020",
JM495, SM1113,,,3196,156,NA,charcoal,,JMSID129,Hili 1,,tower,AE,55.79467781,24.29276931,A,"Frifelt, 1968, p. 174",
JM496,Poz‐53976,,,3315,35,NA,microcharcoal,,JMSID130,Masafi,Test pit E,settlement,AE,56.15899665,25.30466643,A,"Purdue et al., 2019, p. 115",
JM498,Poz-64519,,,2945,35,NA,microcharcoal,,JMSID130,Masafi,Test pit B,settlement,AE,56.15899665,25.30466643,A,"Purdue et al., 2019, p. 115",
JM509,KN‐4061,,,3350,70,NA,,,JMSID40,Samad,S23,cemetery,OM,58.15253701,22.81170937,A,"Miki et al., 2022, p. 89",
JM514,,Ham2007⁄2,NoLabID,3150,40,NA,charcoal sediment,,JMSID131,Hamriya,337. Hearth 97.,shell midden,AE,55.52410087,25.45677086,B,"Magee et al., 2009, p. 27",
JM515,AA‐35535,GU‐8462,,3415,50,NA,ash,,JMSID132,Balghelam,Hearth,settlement,OM,54.62901578,24.524153600000002,C,"Miki et al., 2022, p. 88",
JM516,Bln-3689,,,3450,70,NA,charcoal,,JMSID133,Ra’s al‐Jinz 1,,settlement,OM,59.83797208,22.42355265,A,"Biagi et al., 1989, p. 18-19",
JM519,HD 5737‐5294,,,3460,60,NA,,,JMSID134,al‐Moyassar 1,,settlement,OM,58.129167,22.796389,A,"Miki et al., 2022, p. 88",
JM520,Poz-61958,,,5290,60,NA,charcoal,,JMSID135,Al-Hallaniyah HLY-4,US-09A (US 2/6),settlement,OM,56.02460726,17.51283465,B,"Charpentier et al., 2023, p. 6",
JM521,Lyon-11641,,,5290,35,NA,charcoal,,JMSID135,Al-Hallaniyah HLY-4,P. 6–27 cm (US 9),settlement,OM,56.02460726,17.51283465,B,"Charpentier et al., 2023, p. 6",
JM522,Poz-61959,,,5060,60,NA,charcoal,,JMSID135,Al-Hallaniyah HLY-4,North 13 (US 10),settlement,OM,56.02460726,17.51283465,B,"Charpentier et al., 2023, p. 6",
JM523,Hv 14214,,,3490,90,NA,,,JMSID136,Masirah Site 9,,shell midden,OM,58.80528287,20.44456475,B,"Miki et al., 2022, p. 88",
JM527,P 13304,,,3531,40,NA,charcoal,,JMSID3,Khor Kalba,K4 MBZ1 char,settlement,AE,56.345,25.086,A,"Lindauer, 2019, p. 65",
JM528,P 13305,,,3537,35,NA,fruitstone,Phoenix dactylifera,JMSID3,Khor Kalba,K4 MBZ1 DS,settlement,AE,56.345,25.086,A,"Lindauer, 2019, p. 65",
JM529,UCIAMS171125,[UCIAMS171126 and UCIAMS171125 are duplicates,,3425,15,NA,charcoal,,JMSID3,Khor Kalba,K4 MBZ2 char,settlement,AE,56.345,25.086,A,"Lindauer, 2019, p. 65",
JM530,UCIAMS171126,[UCIAMS171126 and UCIAMS171125 are duplicates,,3420,15,NA,charcoal,,JMSID3,Khor Kalba,K4 MBZ2 char,settlement,AE,56.345,25.086,A,"Lindauer, 2019, p. 65",
JM531,Beta 260664,,,3850,40,NA,charcoal,,JMSID137,Bat,1146.B,tower,OM,56.74446368,23.26825693,A,"Thornton et al., 2016",sample type mentioned on page 37
JM532,Beta 260663,,,3900,40,NA,charcoal,,JMSID137,Bat,1146.B,tower,OM,56.74446368,23.26825693,A,"Thornton et al., 2016",sample type mentioned on page 37
JM533,Beta 260660,,,3820,40,NA,charcoal,,JMSID137,Bat,1146.A,tower,OM,56.74446368,23.26825693,A,"Thornton et al., 2016",
JM534,Beta 260661,,,4330,40,NA,,,JMSID137,Bat,1146.A,tower,OM,56.74446368,23.26825693,A,"Thornton et al., 2016",
JM535,Beta 260662,,,4070,40,NA,,,JMSID137,Bat,1146.A,tower,OM,56.74446368,23.26825693,A,"Thornton et al., 2016",
JM536,K-5470,,,4200,60,NA,,,JMSID137,Bat,1146.A,tower,OM,56.74446368,23.26825693,A,"Thornton et al., 2016",
JM537,Beta 244213,,,4260,40,NA,,,JMSID137,Bat,1147,tower,OM,56.74446368,23.26825693,A,"Thornton et al., 2016",
JM538,Beta 260667,,,4190,40,NA,,,JMSID137,Bat,1147,tower,OM,56.74446368,23.26825693,A,"Thornton et al., 2016",
JM539,Beta 260665,,,4140,40,NA,,,JMSID137,Bat,1147,tower,OM,56.74446368,23.26825693,A,"Thornton et al., 2016",
JM541,Beta 277516,,,4390,40,NA,,,JMSID137,Bat,1147,tower,OM,56.74446368,23.26825693,A,"Thornton et al., 2016",
JM542,Beta 277517,,,4300,40,NA,,,JMSID137,Bat,1147,tower,OM,56.74446368,23.26825693,A,"Thornton et al., 2016",
JM543,Beta 316675,,,4080,30,NA,,,JMSID137,Bat,1147,tower,OM,56.74446368,23.26825693,A,"Thornton et al., 2016",
JM544,Beta 316679,,,4190,30,NA,,,JMSID137,Bat,1156,tower,OM,56.74446368,23.26825693,A,"Thornton et al., 2016",
JM545,Beta 316680,,,4210,40,NA,,,JMSID137,Bat,1156,tower,OM,56.74446368,23.26825693,A,"Thornton et al., 2016",
JM546,Beta 316677,,,4130,30,NA,,,JMSID137,Bat,1156,tower,OM,56.74446368,23.26825693,A,"Thornton et al., 2016",
JM547,K-2795,,,3510,55,NA,,,JMSID137,Bat,1156,tower,OM,56.74446368,23.26825693,A,"Thornton et al., 2016",
JM548,K-2796,,,3260,55,NA,,,JMSID137,Bat,1145,tower,OM,56.74446368,23.26825693,A,"Thornton et al., 2016",
JM549,K-2797,,,3980,80,NA,,,JMSID137,Bat,1145,tower,OM,56.74446368,23.26825693,A,"Thornton et al., 2016",
JM550,K-3207,,,3860,115,NA,,,JMSID137,Bat,1145,tower,OM,56.74446368,23.26825693,A,"Thornton et al., 2016",
JM551,K-3208,,,3900,85,NA,,,JMSID137,Bat,1145,tower,OM,56.74446368,23.26825693,A,"Thornton et al., 2016",
JM552,MAMS 23201,,,3892,25,NA,,,JMSID138,Dahwa (DH1),,settlement,OM,56.6957717,24.05054846,A,"Al-Jahwari et al., 2018",
JM553,MAMS 23202,,,3892,27,NA,,,JMSID138,Dahwa (DH1),,settlement,OM,56.6957717,24.05054846,A,"Al-Jahwari et al., 2018",
JM554,MAMS 23203,,,3926,24,NA,,,JMSID138,Dahwa (DH1),,settlement,OM,56.6957717,24.05054846,A,"Al-Jahwari et al., 2018",
JM555,MAMS 23204,,,3926,24,NA,,,JMSID138,Dahwa (DH1),,settlement,OM,56.6957717,24.05054846,A,"Al-Jahwari et al., 2018",
JM556,MAMS23205,,,4025,25,NA,,,JMSID138,Dahwa (DH1),,settlement,OM,56.6957717,24.05054846,A,"Al-Jahwari et al., 2018",
JM557,UGAMS 24909,,,3840,25,NA,,,JMSID138,Dahwa (DH1),,settlement,OM,56.6957717,24.05054846,A,"Al-Jahwari et al., 2018",
JM558,UGAMS 24910,,,3850,25,NA,,,JMSID138,Dahwa (DH1),,settlement,OM,56.6957717,24.05054846,A,"Al-Jahwari et al., 2018",
JM559,UGAMS 24911,,,3910,25,NA,,,JMSID138,Dahwa (DH1),,settlement,OM,56.6957717,24.05054846,A,"Al-Jahwari et al., 2018",
JM560,UGAMS 24912,,,3880,25,NA,,,JMSID138,Dahwa (DH1),,settlement,OM,56.6957717,24.05054846,A,"Al-Jahwari et al., 2018",
JM562,D-AMS 6423,,,4424,25,NA,,,JMSID137,Bat,,tower,OM,56.74446368,23.26825693,A,"Swerida, 2018",
JM563,D-AMS 6427,,,4093,24,NA,,,JMSID137,Bat,(al-Khafaji tower),tower,OM,56.74446368,23.26825693,A,"Swerida, 2018",
JM564,D-AMS 6424,,,3916,29,NA,,,JMSID137,Bat,(al-Khafaji tower),tower,OM,56.74446368,23.26825693,A,"Swerida, 2018",
JM565,Beta 316664,,,3904,40,NA,,,JMSID137,Bat,(al-Khafaji tower),tower,OM,56.74446368,23.26825693,A,"Swerida, 2018",
JM566,D-AMS 6426,,,3904,26,NA,,,JMSID137,Bat,(al-Khafaji tower),tower,OM,56.74446368,23.26825693,A,"Swerida, 2018",
JM567,D-AMS 6421,,,3421,31,NA,,,JMSID137,Bat,,tower,OM,56.74446368,23.26825693,A,"Swerida, 2018",
JM583,UGAMS53883,,,5420,25,NA,bone,,JMSID143,IDIHA-0001825,IDIHA-F-0011045,,SA,37.59792687,26.90449794,A,"McMahon et al., 2024",
JM584,UGAMS56680,,,5470,25,NA,bone,,JMSID143,IDIHA-0001825,IDIHA-F-0011045,,SA,37.59792687,26.90449794,A,"McMahon et al., 2024",
JM585,UGAMS56671,,,5520,30,NA,bone,,JMSID143,IDIHA-0001825,IDIHA-F-0011045,,SA,37.59792687,26.90449794,A,"McMahon et al., 2024",
JM586,UGAMS56665,,,5530,25,NA,bone,,JMSID143,IDIHA-0001825,IDIHA-F-0011045,,SA,37.59792687,26.90449794,A,"McMahon et al., 2024",
JM587,UGAMS53882,,,5620,30,NA,bone,,JMSID143,IDIHA-0001825,IDIHA-F-0011045,,SA,37.59792687,26.90449794,A,"McMahon et al., 2024",
JM596,UGAMS58742,,,5530,25,NA,bone,,JMSID145,IDIHA-0004612,IDIHA-F-0029843,,SA,37.81787273,26.65806336,A,"McMahon et al., 2024",
JM608,UGAMS51046,,,5370,20,NA,bone,,JMSID147,IDIHA-0006957,IDIHA-F-0029844,,SA,37.62226314,26.9780985,A,"McMahon et al., 2024",
JM609,UGAMS51043,,,5650,20,NA,bone,,JMSID147,IDIHA-0006957,IDIHA-F-0029844,,SA,37.62226314,26.9780985,A,"McMahon et al., 2024",
JM620,UBA-42198,L50111,,4482,27,NA,charcoal,,JMSID148,al-Rudaydah,R50139,,SA,35.01500415,28.48909597,A,"Hilbert et al., 2024",
JM621,UBA-42198,L50147,,4453,28,NA,charcoal,,JMSID148,al-Rudaydah,L50147,,SA,35.01500415,28.48909597,A,"Hilbert et al., 2024",
JM625,T-6260,,,4060,90,NA,,,JMSID150,RAQi,,,YE,44.5046177,15.19585762,B,"[Fedele, 1990, table A] cited in Edens, 1999",
JM626,T-6261,,,3760,80,NA,,,JMSID150,RAQi,,,YE,44.5046177,15.19585762,B,"[Fedele, 1990, table A] cited in Edens, 1999",
JM627,T-5196,,,3970,80,NA,,,JMSID151,MASi,,,YE,44.49383573,15.18764661,B,"[Fedele, 1990, table A] cited in Edens, 1999",
JM628,T-5197,,,3890,80,NA,,,JMSID151,MASi,,,YE,44.49383573,15.18764661,B,"[Fedele, 1990, table A] cited in Edens, 1999",
JM629,T-5730,,,3700,80,NA,,,JMSID152,WYi,,,YE,44.49650615,15.18691446,B,"[Fedele, 1990, table A] cited in Edens, 1999",
JM630,Beta-117427,,,4470,50,NA,charcoal,,JMSID153,Karraib/Karayb (DS 228),,,YE,44.58713849,14.54271562,C,"Edens, 1999",
JM631,Beta-117426,,,3890,80,NA,charcoal,,JMSID153,Karraib/Karayb (DS 228),,,YE,44.58713849,14.54271562,C,"Edens, 1999",
JM632,Beta-90835,,,3100,120,NA,,,JMSID154,al-Sibal (DS 66),Sd1/Un.1,,YE,44.51544227,14.4167881,B,"Wilkinson and Edens, 1999, table 1",
JM633,Beta-90834,,,3600,80,NA,,,JMSID154,al-Sibal (DS 66),Sd1/Un.2,,YE,44.51544227,14.4167881,B,"Wilkinson and Edens, 1999, table 1",
JM634,Beta-101068,,,3860,60,NA,,,JMSID154,al-Sibal (DS 66),"Op.4,lev.1",,YE,44.51544227,14.4167881,B,"Wilkinson and Edens, 1999, table 1",
JM635,Beta-101067,,,4070,80,NA,,,JMSID154,al-Sibal (DS 66),"Op.4,lev.4",,YE,44.51544227,14.4167881,B,"Wilkinson and Edens, 1999, table 1",
JM636,Beta-101070,,,3260,60,NA,,,JMSID155,Hammat al Qa (DS 101),"Op.3,lev.6",,YE,44.39225331,14.80540306,C,"Wilkinson and Edens, 1999, table 2",
JM637,Beta-101069,,,3510,60,NA,,,JMSID155,Hammat al Qa (DS 101),"Op.3,lev.2",,YE,44.39225331,14.80540306,C,"Wilkinson and Edens, 1999, table 2",
JM639,Beta-101072,,,3730,70,NA,,,JMSID155,Hammat al Qa (DS 101),"Op.4,lev.8",,YE,44.39225331,14.80540306,C,"Wilkinson and Edens, 1999, table 2",
JM640,Beta-117424,,,2980,90,NA,,,JMSID153,Karraib/Karayb (DS 228),,,YE,44.58713849,14.54271562,C,"Wilkinson and Edens, 1999",
JM641,Beta-117425,,,3050,80,NA,,,JMSID153,Karraib/Karayb (DS 228),,,YE,44.58713849,14.54271562,C,"Wilkinson and Edens, 1999",
JM645,UGAMS 13443,TA 12804,,5220,30,NA,charcoal,tamarix,JMSID159,Tayma,SU 7717 in Square SE4,,SA,38.55347894,27.63477676,A,"Hausleiter, 2014",
JM646,KIA 24634,TA 3949,,3548,26,NA,charcoal,,JMSID159,Tayma,mud brick of the city wall north of Area A,,SA,38.55347894,27.63477676,A,"Hausleiter, 2014",
JM647,UGAMS 5534,TA 6488,,3140,30,NA,charred wood,,JMSID159,Tayma,fill SU 4660,,SA,38.55347894,27.63477676,A,"Hausleiter, 2014",
JM648,UGAMS 5537,TA 7985,,3330,30,NA,charred wood,,JMSID159,Tayma,fireplace,,SA,38.55347894,27.63477676,A,"Hausleiter, 2014",
JM649,UGAMS 8902,TA 9252,,3220,25,NA,vegetable material,,JMSID159,Tayma,flotation from SU 3734: pottery and ashes,,SA,38.55347894,27.63477676,A,"Hausleiter, 2014",
JM650,GH-1,,,4120,20,NA,charcoal,,JMSID160,Al-Ghoryeen,"Hearth 1, west",Mounded,OM,58.01709972,22.89562556,A,"Al-Jahwari et al., 2020",
JM651,GH-2,,,4080,20,NA,charcoal,,JMSID160,Al-Ghoryeen,"Hearth 2, east",Mounded,OM,58.01709972,22.89562556,A,"Al-Jahwari et al., 2020",
JM652,GH-3,,,3930,20,NA,charcoal,,JMSID160,Al-Ghoryeen,"Tower, filling layer inside R1 inside the tower",Tower,OM,58.01709972,22.89562556,A,"Al-Jahwari et al., 2020",
JM653,GH-4,,,3870,20,NA,charcoal,,JMSID160,Al-Ghoryeen,"Tower, floor outside the tower",Tower,OM,58.01709972,22.89562556,A,"Al-Jahwari et al., 2020",
JM654,GH-5,,,4150,25,NA,charcoal,,JMSID160,Al-Ghoryeen,In the trench,Flat,OM,58.01709972,22.89562556,A,"Al-Jahwari et al., 2020",
JM655,GH-6,,,3860,20,NA,charcoal,,JMSID160,Al-Ghoryeen,In the trench,Mounded,OM,58.01709972,22.89562556,A,"Al-Jahwari et al., 2020",
JM656,GH-7,,,3690,20,NA,charcoal,,JMSID160,Al-Ghoryeen,Hearth inside the trench,Mounded,OM,58.01709972,22.89562556,A,"Al-Jahwari et al., 2020",
JM657,GH-8,,,4240,25,NA,charcoal,,JMSID160,Al-Ghoryeen,Floor,Flat,OM,58.01709972,22.89562556,A,"Al-Jahwari et al., 2020",
JM658,GH-9,,,4010,25,NA,charcoal,,JMSID160,Al-Ghoryeen,Floor,Flat,OM,58.01709972,22.89562556,A,"Al-Jahwari et al., 2020",
JM659,GH-10,,,4930,30,NA,ash,,JMSID160,Al-Ghoryeen,Floor,Flat,OM,58.01709972,22.89562556,A,"Al-Jahwari et al., 2020",
JM660,Beta-7823,,,5270,90,NA,charcoal,,JMSID161,Al-Faraah,"Hearth, beneath palaeosol in native siltic sediments, >65 cm",,YE,45.28840353,15.2520641,C,"[cited in from inaccessible source in Kühn et al., 2010 - more dates exist in that paper but only these have lab IDs]",
JM661,Erl-10661,,,4964,60,NA,charcoal,,JMSID162,Ma’rib southern Oasis,basis of hearth,,YE,45.290674,15.387092,A,"[cited in from inaccessible source in Kühn et al., 2010 - more dates exist in that paper but only these have lab IDs]",
JM662,Erl-11061,,,4839,66,NA,charcoal,,JMSID162,Ma’rib southern Oasis,basis of hearth,,YE,45.290674,15.387092,A,"[cited in from inaccessible source in Kühn et al., 2010 - more dates exist in that paper but only these have lab IDs]",
JM666,Beta-7178,,,3280,110,NA,charcoal,,JMSID163,Hajar at Tamrah (HT 12),bottom layer,,YE,45.32393295,15.02676316,A,"Blakely and Sauer, 1985",
JM667,Bln-5669,,,2873,31,NA,charcoal,,JMSID159,Tayma,"ta 142, su 154",outer wall,SA,38.55347894,27.63477676,A,"Hausleiter, 2017",
JM669,KIA 30895,,,2800,25,NA,charcoal,"tamarix, chenopodiaceae",JMSID159,Tayma,"ta 4484, su 179",outer wall,SA,38.55347894,27.63477676,A,"Hausleiter, 2017",
JM670,KIA 34030,,,3875,25,NA,charcoal,,JMSID159,Tayma,,outer wall,SA,38.55347894,27.63477676,A,"Klasen et al., 2011",
JM671,KIA 34029,,,3640,30,NA,charcoal,,JMSID159,Tayma,,outer wall,SA,38.55347894,27.63477676,A,"Klasen et al., 2011",
JM672,UGAMS 17146,,,3220,30,NA,charcoal,,JMSID159,Tayma,"ta 12790, su 7740",outer wall,SA,38.55347894,27.63477676,A,"Hausleiter, 2017",
JM673,UGAMS 24656,,,4430,25,NA,charcoal,,JMSID159,Tayma,"ta 17356, su 5908",outer wall,SA,38.55347894,27.63477676,A,"Hausleiter, 2017",
JM674,DeA-43555 (n2),,,3917,31,NA,charcoal,,JMSID164,al-Natah,,,SA,39.27001439,25.74692916,A,"Charloux et al., 2024",
JM675,UGAMS-65431,,,3900,30,NA,bone (bioapatite),,JMSID164,al-Natah,,,SA,39.27001439,25.74692916,A,"Charloux et al., 2024",
JM676,DeA-42272 (n1),,,3761,52,NA,charcoal,,JMSID164,al-Natah,,,SA,39.27001439,25.74692916,A,"Charloux et al., 2024",
JM677,DeA-43996,,,3727,30,NA,charcoal,,JMSID164,al-Natah,,,SA,39.27001439,25.74692916,A,"Charloux et al., 2024",
JM678,BETA-625967,,,3590,30,NA,charcoal,,JMSID164,al-Natah,,,SA,39.27001439,25.74692916,A,"Charloux et al., 2024",
JM679,DeA-43980,,,3581,35,NA,charcoal,,JMSID164,al-Natah,,,SA,39.27001439,25.74692916,A,"Charloux et al., 2024",
JM680,DeA-43993,,,3572,31,NA,charcoal,,JMSID164,al-Natah,,,SA,39.27001439,25.74692916,A,"Charloux et al., 2024",
JM681,DeA-43994,,,3525,35,NA,charcoal,,JMSID164,al-Natah,,,SA,39.27001439,25.74692916,A,"Charloux et al., 2024",
JM682,DeA-39461,,,3447,30,NA,charcoal,,JMSID164,al-Natah,,,SA,39.27001439,25.74692916,A,"Charloux et al., 2024",
JM683,DeA-43995,,,3427,33,NA,charcoal,,JMSID164,al-Natah,,,SA,39.27001439,25.74692916,A,"Charloux et al., 2024",
JM684,BETA-625966,,,3420,30,NA,charcoal,,JMSID164,al-Natah,,,SA,39.27001439,25.74692916,A,"Charloux et al., 2024",
JM685,DeA-39460,,,3410,31,NA,charcoal,,JMSID164,al-Natah,,,SA,39.27001439,25.74692916,A,"Charloux et al., 2024",
JM686,DeA-39462,,,3382,38,NA,charcoal,,JMSID164,al-Natah,,,SA,39.27001439,25.74692916,A,"Charloux et al., 2024",
JM687,DeA-42275,,,3209,34,NA,charcoal,,JMSID164,al-Natah,,,SA,39.27001439,25.74692916,A,"Charloux et al., 2024",
JM688,DeA-43987,,,3182,29,NA,charcoal,,JMSID164,al-Natah,,,SA,39.27001439,25.74692916,A,"Charloux et al., 2024",
JM690,DeA-44320,,,3075,70,NA,charcoal,,JMSID164,al-Natah,,,SA,39.27001439,25.74692916,A,"Charloux et al., 2024",
